Date,Local Route,Light Rail,Peak Service,Rapid Route,School,Other
2019-07-01,15987,9962.0,407.0,21223.0,3715.0,1.0
2019-07-02,16895,10656.0,409.0,21715.0,3993.0,1.0
2019-07-03,16613,10658.0,427.0,22025.0,3638.0,1.0
2019-07-04,16604,10445.0,437.0,21868.0,3576.0,1.0
2019-07-05,16040,10532.0,400.0,20697.0,2856.0,1.0
2019-07-06,5214,6141.0,422.0,6925.0,5332.0,1.0
2019-07-07,4065,4332.0,422.0,5426.0,5332.0,1.0
2019-07-08,13078,9442.0,422.0,18848.0,5332.0,1.0
2019-07-09,13835,10550.0,455.0,19862.0,5332.0,1.0
2019-07-10,13856,10066.0,421.0,19502.0,5332.0,1.0
2019-07-11,12776,9536.0,421.0,19204.0,5332.0,1.0
2019-07-12,12614,9413.0,344.0,18057.0,5332.0,1.0
2019-07-13,4606,5185.0,370.0,6327.0,5332.0,2.0
2019-07-14,3584,3486.0,370.0,4761.0,5332.0,3.0
2019-07-15,12743,9704.0,370.0,19481.0,5332.0,2.0
2019-07-16,14025,10434.0,421.0,20592.0,5332.0,1.0
2019-07-17,13768,10689.0,428.0,20550.0,5332.0,1.0
2019-07-18,14092,10938.0,396.0,20989.0,5332.0,1.0
2019-07-19,13846,11150.0,325.0,20012.0,5332.0,1.0
2019-07-20,5057,6692.0,440.0,7379.0,5332.0,1.0
2019-07-21,4045,4739.0,440.0,6000.0,5332.0,1.0
2019-07-22,18376,11664.0,440.0,24147.0,5332.0,1.0
2019-07-23,19392,12180.0,461.0,25344.0,5935.0,1.0
2019-07-24,19380,12044.0,463.0,25312.0,5786.0,1.0
2019-07-25,19619,12257.0,432.0,25284.0,5845.0,2.0
2019-07-26,18698,12296.0,298.0,24258.0,5634.0,2.0
2019-07-27,5383,6522.0,408.0,8231.0,5962.0,1.0
2019-07-28,4187,4398.0,408.0,5751.0,5962.0,3.0
2019-07-29,18743,11530.0,408.0,24273.0,5962.0,13.0
2019-07-30,19887,12553.0,457.0,25617.0,5765.0,15.0
2019-07-31,19599,12447.0,478.0,25342.0,5736.0,1.0
2019-08-01,19950,12601.0,459.0,25864.0,5754.0,1.0
2019-08-02,18953,12744.0,340.0,25010.0,5738.0,13.0
2019-08-03,5447,7090.0,453.0,7922.0,5978.0,13.0
2019-08-04,3792,4595.0,453.0,6009.0,5978.0,13.0
2019-08-05,18527,11891.0,453.0,24856.0,5978.0,13.0
2019-08-06,19528,12403.0,474.0,26649.0,5947.0,13.0
2019-08-07,19435,12306.0,414.0,26179.0,5776.0,13.0
2019-08-08,17055,11668.0,450.0,23975.0,2072.0,13.0
2019-08-09,16883,10790.0,375.0,23007.0,5284.0,14.0
2019-08-10,4836,5422.0,470.0,7219.0,5823.0,1.0
2019-08-11,3707,3943.0,470.0,5770.0,5823.0,1.0
2019-08-12,18699,11379.0,470.0,24549.0,5823.0,1.0
2019-08-13,19097,12372.0,468.0,26757.0,5716.0,1.0
2019-08-14,18996,12111.0,477.0,26214.0,5567.0,1.0
2019-08-15,19383,12433.0,423.0,26122.0,5532.0,1.0
2019-08-16,18703,12607.0,346.0,25086.0,5447.0,1.0
2019-08-17,5506,6583.0,461.0,7922.0,5646.0,1.0
2019-08-18,3691,4355.0,461.0,5976.0,5646.0,1.0
2019-08-19,18332,11412.0,461.0,24242.0,5646.0,1.0
2019-08-20,19431,12269.0,479.0,26158.0,5835.0,1.0
2019-08-21,19447,12102.0,472.0,26048.0,5656.0,1.0
2019-08-22,18831,12491.0,439.0,26140.0,5497.0,1.0
2019-08-23,18614,12644.0,384.0,25079.0,5224.0,2.0
2019-08-24,5439,6396.0,403.0,8283.0,5465.0,2.0
2019-08-25,3955,4411.0,403.0,6228.0,5465.0,2.0
2019-08-26,18395,11678.0,403.0,24636.0,5465.0,1.0
2019-08-27,18837,12065.0,450.0,25778.0,5460.0,1.0
2019-08-28,19485,12217.0,492.0,26363.0,5358.0,1.0
2019-08-29,19565,12286.0,427.0,25376.0,5492.0,1.0
2019-08-30,18595,12416.0,363.0,24492.0,5150.0,1.0
2019-08-31,5683,6736.0,417.0,9225.0,2.0,1.0
2019-09-01,3761,4682.0,417.0,5936.0,5830.0,1.0
2019-09-02,18055,10993.0,417.0,23455.0,5830.0,1.0
2019-09-03,18655,11206.0,473.0,24236.0,5993.0,1.0
2019-09-04,18691,11263.0,464.0,24375.0,5600.0,1.0
2019-09-05,18911,11382.0,451.0,24641.0,5685.0,2.0
2019-09-06,17771,11162.0,364.0,22459.0,5421.0,2.0
2019-09-07,4965,6261.0,458.0,7801.0,5813.0,2.0
2019-09-08,3782,4743.0,458.0,5886.0,5813.0,2.0
2019-09-09,17892,10847.0,458.0,22891.0,5813.0,2.0
2019-09-10,18814,11527.0,498.0,24134.0,5922.0,2.0
2019-09-11,18887,11664.0,446.0,24581.0,5779.0,2.0
2019-09-12,18465,11622.0,438.0,24108.0,5712.0,14.0
2019-09-13,18071,12974.0,336.0,23475.0,5376.0,14.0
2019-09-14,5306,7540.0,496.0,8618.0,4.0,14.0
2019-09-15,3921,5051.0,496.0,6608.0,5790.0,14.0
2019-09-16,18179,11701.0,496.0,24422.0,5790.0,4.0
2019-09-17,18169,11827.0,484.0,25470.0,5711.0,4.0
2019-09-18,19573,12757.0,419.0,26092.0,5731.0,4.0
2019-09-19,19547,12707.0,458.0,26165.0,5745.0,4.0
2019-09-20,20009,14789.0,403.0,27732.0,5099.0,4.0
2019-09-21,4555,5740.0,469.0,7260.0,5626.0,4.0
2019-09-22,4126,5234.0,469.0,7066.0,5626.0,4.0
2019-09-23,18224,11833.0,469.0,24440.0,5626.0,4.0
2019-09-24,19105,12898.0,479.0,25750.0,5437.0,4.0
2019-09-25,18838,12958.0,453.0,25717.0,5360.0,4.0
2019-09-26,19068,12320.0,455.0,25835.0,5310.0,4.0
2019-09-27,18492,13384.0,329.0,25249.0,4745.0,4.0
2019-09-28,3638,7256.0,414.0,9799.0,5797.0,4.0
2019-09-29,2781,5347.0,414.0,7669.0,5797.0,3.0
2019-09-30,14148,11666.0,414.0,22670.0,5797.0,1.0
2019-10-01,15028,12441.0,421.0,24365.0,5797.0,1.0
2019-10-02,15001,12534.0,458.0,24050.0,5797.0,1.0
2019-10-03,15089,12660.0,426.0,24221.0,5797.0,1.0
2019-10-04,14021,12060.0,313.0,23197.0,5797.0,2.0
2019-10-05,3494,6942.0,417.0,9031.0,5797.0,2.0
2019-10-06,2992,5583.0,417.0,7530.0,5797.0,2.0
2019-10-07,2870,5069.0,417.0,6956.0,5797.0,2.0
2019-10-08,13860,10799.0,417.0,22073.0,5797.0,1.0
2019-10-09,14754,12048.0,434.0,23526.0,5797.0,1.0
2019-10-10,14887,11849.0,389.0,23700.0,5797.0,1.0
2019-10-11,14293,12071.0,285.0,22457.0,5797.0,1.0
2019-10-12,3631,6629.0,410.0,9204.0,5797.0,1.0
2019-10-13,2943,4965.0,410.0,7552.0,5797.0,1.0
2019-10-14,18081,11873.0,410.0,24562.0,5797.0,1.0
2019-10-15,19198,12750.0,456.0,25968.0,6037.0,1.0
2019-10-16,19025,12516.0,435.0,26062.0,5862.0,1.0
2019-10-17,19049,12391.0,417.0,25990.0,5640.0,1.0
2019-10-18,18448,12685.0,370.0,25368.0,5421.0,1.0
2019-10-19,3857,6066.0,428.0,8963.0,5698.0,6.0
2019-10-20,3046,4849.0,428.0,7014.0,5698.0,6.0
2019-10-21,18176,11790.0,428.0,24814.0,5698.0,44.0
2019-10-22,18951,12425.0,464.0,25925.0,5661.0,44.0
2019-10-23,18895,12716.0,467.0,26133.0,5445.0,44.0
2019-10-24,19204,12628.0,450.0,26299.0,5688.0,44.0
2019-10-25,18034,12547.0,327.0,24658.0,5082.0,44.0
2019-10-26,3731,6849.0,436.0,8449.0,5704.0,102.0
2019-10-28,17730,11484.0,436.0,24233.0,5704.0,1.0
2019-10-29,18619,12012.0,461.0,24841.0,5947.0,1.0
2019-10-30,18782,11736.0,451.0,25038.0,5822.0,1.0
2019-10-31,19023,12231.0,424.0,24632.0,5652.0,1.0
2019-11-01,18179,12743.0,337.0,24242.0,5251.0,1.0
2019-11-02,3898,6625.0,452.0,9358.0,5833.0,3.0
2019-11-03,2642,3748.0,452.0,5713.0,5833.0,1.0
2019-11-04,18178,11601.0,452.0,24231.0,5833.0,1.0
2019-11-05,18877,12355.0,468.0,24998.0,5752.0,1.0
2019-11-06,18955,12275.0,470.0,25228.0,5665.0,1.0
2019-11-07,18777,12046.0,473.0,24991.0,5639.0,1.0
2019-11-08,17838,11925.0,372.0,24095.0,5345.0,1.0
2019-11-09,3905,6565.0,468.0,9388.0,5602.0,1.0
2019-11-10,2744,4584.0,468.0,6673.0,5602.0,1.0
2019-11-11,17964,11548.0,468.0,24134.0,5602.0,3.0
2019-11-12,18612,12023.0,481.0,24790.0,5741.0,10.0
2019-11-13,18610,12106.0,461.0,25270.0,5744.0,9.0
2019-11-14,19081,12298.0,462.0,25207.0,5569.0,1.0
2019-11-15,18462,12418.0,370.0,24410.0,5472.0,1.0
2019-11-16,4063,6734.0,422.0,9130.0,5681.0,1.0
2019-11-17,2914,4519.0,422.0,6777.0,5681.0,1.0
2019-11-18,17675,11307.0,422.0,23598.0,5681.0,1.0
2019-11-19,18567,11812.0,491.0,24402.0,5733.0,1.0
2019-11-20,18444,11645.0,476.0,24190.0,5700.0,1.0
2019-11-21,18011,11230.0,438.0,23009.0,5362.0,1.0
2019-11-22,17767,12251.0,344.0,22953.0,5243.0,88.0
2019-11-23,3819,8161.0,451.0,9533.0,5426.0,115.0
2019-11-24,2913,4271.0,451.0,6681.0,5426.0,4.0
2019-11-25,17086,11115.0,451.0,23151.0,5426.0,121.0
2019-11-26,17653,11287.0,472.0,24190.0,5380.0,76.0
2019-11-27,17817,11681.0,432.0,23824.0,5138.0,135.0
2019-11-28,18200,11890.0,424.0,23911.0,4904.0,3.0
2019-11-29,17761,12660.0,317.0,24355.0,4542.0,3.0
2019-11-30,3801,6095.0,441.0,8498.0,5002.0,3.0
2019-12-01,2713,4356.0,441.0,6532.0,5002.0,3.0
2019-12-02,15928,10800.0,441.0,22012.0,5002.0,1.0
2019-12-03,17741,11575.0,486.0,23387.0,5010.0,1.0
2019-12-04,17360,11712.0,465.0,23467.0,4705.0,1.0
2019-12-05,17696,11515.0,409.0,23119.0,4603.0,4.0
2019-12-06,17380,12626.0,361.0,23119.0,4200.0,4.0
2019-12-07,3798,7491.0,428.0,8072.0,3790.0,4.0
2019-12-08,2747,4827.0,428.0,6353.0,3790.0,1.0
2019-12-09,16216,10994.0,428.0,22018.0,3790.0,1.0
2019-12-10,16469,11255.0,437.0,22691.0,3831.0,1.0
2019-12-11,17135,11696.0,415.0,22494.0,2750.0,1.0
2019-12-12,17004,11653.0,445.0,22538.0,3083.0,1.0
2019-12-13,16427,12551.0,306.0,22808.0,2053.0,1.0
2019-12-14,3821,6422.0,440.0,8312.0,1104.0,1.0
2019-12-15,2865,4472.0,440.0,6323.0,1104.0,1.0
2019-12-16,15611,10477.0,440.0,21149.0,1104.0,1.0
2019-12-17,15744,10793.0,420.0,21636.0,1162.0,1.0
2019-12-18,15571,10783.0,386.0,20872.0,838.0,1.0
2019-12-19,14879,10504.0,358.0,20172.0,716.0,1.0
2019-12-20,13149,10032.0,259.0,18341.0,44.0,1.0
2019-12-21,3175,4981.0,174.0,6683.0,1158.0,1.0
2019-12-22,2785,3974.0,174.0,5481.0,1158.0,1.0
2019-12-23,9651,7544.0,174.0,13305.0,1158.0,1.0
2019-12-24,7522,5894.0,75.0,9896.0,1158.0,1.0
2019-12-25,61,4987.0,21.0,101.0,1158.0,1.0
2019-12-26,2804,4987.0,21.0,6726.0,1158.0,1.0
2019-12-27,5852,4999.0,21.0,7343.0,1158.0,1.0
2019-12-28,2874,4172.0,26.0,5745.0,1158.0,1.0
2019-12-29,2479,3521.0,26.0,4903.0,1158.0,1.0
2019-12-30,5899,4310.0,26.0,7269.0,1158.0,1.0
2019-12-31,5756,4911.0,30.0,7016.0,1158.0,1.0
2020-01-01,1325,2312.0,118.0,2586.0,1158.0,1.0
2020-01-02,6913,6330.0,118.0,9780.0,1158.0,1.0
2020-01-03,7397,7663.0,107.0,10164.0,1158.0,1.0
2020-01-04,2177,5018.0,236.0,4315.0,1158.0,1.0
2020-01-05,1451,2165.0,236.0,2735.0,1158.0,1.0
2020-01-06,8773,6938.0,236.0,12938.0,1158.0,1.0
2020-01-07,10356,7905.0,351.0,15447.0,1158.0,1.0
2020-01-08,10981,8488.0,331.0,16238.0,1158.0,1.0
2020-01-09,11208,8572.0,318.0,16730.0,1158.0,1.0
2020-01-10,6154,9985.0,69.0,10609.0,1158.0,1.0
2020-01-11,3059,4677.0,361.0,6433.0,1158.0,2.0
2020-01-12,2284,3285.0,361.0,4916.0,1158.0,1.0
2020-01-13,12003,9268.0,361.0,18173.0,1158.0,3.0
2020-01-14,12361,9864.0,398.0,19326.0,1158.0,3.0
2020-01-15,12711,9628.0,364.0,18994.0,1158.0,3.0
2020-01-16,12368,9422.0,363.0,18705.0,1158.0,3.0
2020-01-17,12437,10255.0,315.0,19115.0,1158.0,3.0
2020-01-18,3186,5064.0,346.0,7001.0,1158.0,3.0
2020-01-19,2614,3950.0,346.0,5203.0,1158.0,3.0
2020-01-20,11782,9473.0,346.0,18310.0,1158.0,1.0
2020-01-21,13327,10650.0,441.0,20494.0,1158.0,1.0
2020-01-22,13661,10327.0,456.0,20720.0,1158.0,2.0
2020-01-23,12963,9891.0,448.0,19874.0,1158.0,2.0
2020-01-24,13403,10476.0,343.0,19749.0,1158.0,2.0
2020-01-25,3481,5494.0,380.0,6976.0,1158.0,2.0
2020-01-26,2681,4215.0,380.0,5776.0,1158.0,2.0
2020-01-27,2396,3371.0,380.0,5185.0,1158.0,33.0
2020-01-28,13109,9653.0,380.0,20317.0,1158.0,33.0
2020-01-29,13618,10066.0,281.0,20355.0,1158.0,33.0
2020-01-30,14100,10587.0,362.0,21046.0,1158.0,33.0
2020-01-31,12977,9620.0,242.0,19327.0,1158.0,33.0
2020-02-01,3026,4498.0,361.0,6305.0,1158.0,33.0
2020-02-02,2861,3732.0,361.0,5437.0,1158.0,1.0
2020-02-03,15704,10860.0,361.0,22332.0,1158.0,1.0
2020-02-04,19116,11690.0,498.0,25242.0,6225.0,1.0
2020-02-05,19625,11974.0,423.0,25010.0,7208.0,1.0
2020-02-06,20061,11865.0,477.0,25312.0,7234.0,1.0
2020-02-07,19368,12300.0,382.0,24486.0,6794.0,1.0
2020-02-08,3711,5888.0,434.0,7675.0,6021.0,1.0
2020-02-09,2536,3509.0,434.0,5396.0,6021.0,1.0
2020-02-10,17882,10840.0,434.0,23380.0,6021.0,1.0
2020-02-11,20335,12064.0,529.0,26842.0,7255.0,1.0
2020-02-12,20332,12188.0,475.0,26961.0,7082.0,1.0
2020-02-13,20387,11609.0,499.0,26610.0,6766.0,1.0
2020-02-14,20092,12935.0,341.0,26149.0,5906.0,1.0
2020-02-15,3686,5603.0,482.0,8089.0,6668.0,1.0
2020-02-16,2910,4208.0,482.0,6437.0,6668.0,1.0
2020-02-17,19785,12012.0,482.0,25998.0,6668.0,1.0
2020-02-18,20617,12733.0,485.0,27552.0,6853.0,1.0
2020-02-19,20862,12622.0,478.0,27974.0,6723.0,1.0
2020-02-20,20567,12657.0,488.0,27379.0,6106.0,1.0
2020-02-21,20196,14773.0,381.0,27274.0,6270.0,1.0
2020-02-22,4676,15154.0,516.0,14048.0,4.0,1.0
2020-02-23,3124,6520.0,516.0,7922.0,2.0,1.0
2020-02-24,20110,12211.0,516.0,26749.0,6622.0,1.0
2020-02-25,21059,13128.0,529.0,28340.0,6634.0,1.0
2020-02-26,20972,13015.0,478.0,28359.0,6518.0,1.0
2020-02-27,21070,13081.0,488.0,28678.0,6435.0,2.0
2020-02-28,20266,14527.0,416.0,27198.0,6358.0,2.0
2020-02-29,3954,9259.0,485.0,10078.0,6518.0,2.0
2020-03-01,2913,5869.0,485.0,6972.0,6518.0,2.0
2020-03-02,19911,12308.0,485.0,26947.0,6518.0,137.0
2020-03-03,19623,12961.0,514.0,27706.0,2551.0,137.0
2020-03-04,18430,11417.0,470.0,25248.0,6040.0,137.0
2020-03-05,18722,11596.0,445.0,25349.0,5945.0,76.0
2020-03-07,3971,6162.0,493.0,9552.0,6571.0,1.0
2020-03-08,3154,4829.0,493.0,6895.0,6571.0,1.0
2020-03-09,2902,4399.0,493.0,6739.0,6571.0,1.0
2020-03-10,20171,12442.0,493.0,27226.0,6571.0,35.0
2020-03-11,20182,12363.0,491.0,27319.0,6426.0,45.0
2020-03-12,19980,12347.0,447.0,27428.0,6141.0,1.0
2020-03-13,18951,11915.0,373.0,25302.0,5882.0,1.0
2020-03-14,3163,4956.0,369.0,7621.0,6000.0,1.0
2020-03-15,2607,3502.0,369.0,5840.0,6000.0,1.0
2020-03-16,17139,9723.0,369.0,22739.0,6000.0,1.0
2020-03-17,16698,9402.0,395.0,22215.0,5750.0,1.0
2020-03-18,16175,8571.0,328.0,20475.0,5959.0,1.0
2020-03-19,15491,7963.0,330.0,19246.0,5873.0,1.0
2020-03-20,14877,7872.0,262.0,17962.0,5398.0,1.0
2020-03-21,2670,3272.0,256.0,5531.0,4119.0,1.0
2020-03-22,1893,2252.0,256.0,3890.0,4119.0,1.0
2020-03-23,10418,4666.0,256.0,12058.0,4119.0,1.0
2020-03-24,5555,3458.0,210.0,8169.0,443.0,1.0
2020-03-25,4365,2790.0,164.0,6563.0,144.0,1.0
2020-03-26,4003,2449.0,133.0,5846.0,108.0,1.0
2020-03-27,3998,2298.0,106.0,5544.0,97.0,1.0
2020-03-28,1092,1081.0,83.0,1971.0,66.0,2.0
2020-03-29,706,889.0,83.0,1468.0,66.0,2.0
2020-03-30,3175,1776.0,83.0,4246.0,66.0,1.0
2020-03-31,3064,1708.0,64.0,3871.0,49.0,1.0
2020-04-01,3044,1684.0,63.0,3666.0,72.0,1.0
2020-04-02,2648,1364.0,54.0,3201.0,53.0,1.0
2020-04-03,3084,1558.0,52.0,3519.0,49.0,3.0
2020-04-04,943,877.0,54.0,1592.0,42.0,3.0
2020-04-05,746,744.0,54.0,1289.0,42.0,3.0
2020-04-06,3018,1565.0,54.0,3387.0,42.0,1.0
2020-04-07,2951,1519.0,47.0,3497.0,33.0,1.0
2020-04-08,2968,1516.0,65.0,3449.0,51.0,1.0
2020-04-09,3294,1569.0,40.0,3661.0,34.0,1.0
2020-04-10,379,506.0,47.0,850.0,76.0,1.0
2020-04-11,891,778.0,47.0,1523.0,76.0,1.0
2020-04-12,586,688.0,47.0,1049.0,76.0,1.0
2020-04-13,747,664.0,47.0,1292.0,76.0,1.0
2020-04-14,2985,1637.0,47.0,3631.0,76.0,1.0
2020-04-15,2970,1602.0,55.0,3627.0,76.0,1.0
2020-04-16,3024,1577.0,57.0,3682.0,76.0,3.0
2020-04-17,3181,2355.0,56.0,3768.0,76.0,2.0
2020-04-18,985,1364.0,55.0,1830.0,76.0,1.0
2020-04-19,759,1113.0,55.0,1356.0,76.0,1.0
2020-04-20,2987,2388.0,55.0,3662.0,76.0,1.0
2020-04-21,3012,2336.0,59.0,3738.0,76.0,1.0
2020-04-22,3015,1756.0,40.0,3826.0,76.0,1.0
2020-04-23,3230,1786.0,39.0,3819.0,76.0,1.0
2020-04-24,3340,1821.0,41.0,4129.0,76.0,2.0
2020-04-25,863,944.0,63.0,1540.0,76.0,1.0
2020-04-26,756,798.0,63.0,1416.0,76.0,1.0
2020-04-27,947,892.0,63.0,1569.0,76.0,1.0
2020-04-28,3568,1925.0,63.0,4240.0,76.0,1.0
2020-04-29,2831,1555.0,59.0,3692.0,70.0,1.0
2020-04-30,2989,1640.0,60.0,3682.0,86.0,8.0
2020-05-01,3258,1687.0,41.0,3734.0,72.0,8.0
2020-05-02,1081,1148.0,70.0,2062.0,131.0,2.0
2020-05-03,959,1086.0,70.0,1821.0,131.0,19.0
2020-05-04,3717,1952.0,70.0,4411.0,131.0,19.0
2020-05-05,3551,1917.0,67.0,4496.0,149.0,10.0
2020-05-06,3735,2108.0,63.0,4605.0,140.0,16.0
2020-05-07,3741,2126.0,58.0,4792.0,147.0,8.0
2020-05-08,4052,2305.0,58.0,4977.0,117.0,2.0
2020-05-09,1245,1415.0,78.0,2362.0,800.0,2.0
2020-05-10,977,1193.0,78.0,1999.0,800.0,2.0
2020-05-11,4023,2154.0,78.0,4980.0,800.0,2.0
2020-05-12,4114,2283.0,66.0,5166.0,893.0,2.0
2020-05-13,4050,2306.0,72.0,5347.0,869.0,2.0
2020-05-14,4340,2420.0,75.0,5365.0,891.0,2.0
2020-05-15,4497,2636.0,76.0,5496.0,850.0,3.0
2020-05-16,1512,1838.0,85.0,2915.0,1986.0,1.0
2020-05-17,1074,1489.0,85.0,2243.0,1986.0,1.0
2020-05-18,5686,2707.0,85.0,6389.0,1986.0,1.0
2020-05-19,6275,3094.0,92.0,6537.0,2527.0,1.0
2020-05-20,6085,2890.0,85.0,6510.0,2470.0,1.0
2020-05-21,6428,3096.0,79.0,6671.0,2663.0,1.0
2020-05-22,6527,3109.0,81.0,6952.0,2402.0,1.0
2020-05-23,1433,1824.0,101.0,3077.0,3708.0,1.0
2020-05-24,1196,1694.0,101.0,2551.0,3708.0,1.0
2020-05-25,6901,3495.0,101.0,7501.0,3708.0,1.0
2020-05-26,7414,3709.0,110.0,7828.0,4010.0,1.0
2020-05-27,7619,3700.0,99.0,7974.0,4084.0,1.0
2020-05-28,7933,3671.0,91.0,8221.0,3882.0,1.0
2020-05-29,7908,3986.0,89.0,8407.0,3767.0,1.0
2020-05-30,1736,2559.0,110.0,3662.0,4931.0,2.0
2020-05-31,1286,1917.0,110.0,2755.0,4931.0,3.0
2020-06-01,1322,1648.0,110.0,2850.0,4931.0,1.0
2020-06-02,9101,4373.0,110.0,9258.0,4931.0,1.0
2020-06-03,9018,4463.0,128.0,9384.0,4892.0,1.0
2020-06-04,9131,4513.0,114.0,9588.0,5000.0,1.0
2020-06-05,9189,4962.0,95.0,10034.0,4688.0,2.0
2020-06-06,1832,2808.0,131.0,3956.0,4853.0,2.0
2020-06-07,1349,2101.0,131.0,2884.0,4853.0,1.0
2020-06-08,1360,2039.0,131.0,3038.0,4853.0,6.0
2020-06-09,9247,4624.0,131.0,9710.0,4853.0,6.0
2020-06-10,9267,4752.0,127.0,9748.0,5022.0,1.0
2020-06-11,9293,4765.0,127.0,9940.0,4936.0,1.0
2020-06-12,9550,5044.0,100.0,10276.0,4876.0,2.0
2020-06-13,1895,2954.0,133.0,4199.0,4998.0,3.0
2020-06-14,1386,2106.0,133.0,3074.0,4998.0,3.0
2020-06-15,9088,4707.0,133.0,9814.0,4998.0,1.0
2020-06-16,9492,4940.0,152.0,10258.0,4880.0,3.0
2020-06-17,9614,5065.0,136.0,10446.0,4838.0,4.0
2020-06-18,9658,5267.0,151.0,10691.0,4895.0,7.0
2020-06-19,9639,5855.0,115.0,10813.0,4784.0,5.0
2020-06-20,1998,3158.0,138.0,4367.0,4805.0,7.0
2020-06-21,1379,2289.0,138.0,3172.0,4805.0,3.0
2020-06-22,8964,4925.0,138.0,10045.0,4805.0,3.0
2020-06-23,9044,5188.0,158.0,10514.0,4819.0,6.0
2020-06-24,9303,5605.0,131.0,10776.0,4733.0,5.0
2020-06-25,9583,5703.0,121.0,10705.0,4585.0,4.0
2020-06-26,9324,6000.0,120.0,10843.0,4499.0,2.0
2020-06-27,2060,3718.0,149.0,4989.0,3530.0,1.0
2020-06-28,1614,2777.0,149.0,3759.0,3530.0,1.0
2020-06-29,8594,5084.0,149.0,10213.0,3530.0,3.0
2020-06-30,8961,5466.0,151.0,11014.0,3555.0,7.0
2020-07-01,9067,5832.0,140.0,10841.0,3578.0,3.0
2020-07-02,8635,5435.0,137.0,10678.0,3290.0,3.0
2020-07-03,8889,6077.0,113.0,11132.0,2966.0,4.0
2020-07-04,1981,3575.0,137.0,4978.0,4314.0,4.0
2020-07-05,1596,2702.0,137.0,3585.0,4314.0,3.0
2020-07-06,6629,5009.0,137.0,9443.0,4314.0,3.0
2020-07-07,7127,5241.0,142.0,10067.0,4314.0,8.0
2020-07-08,7017,5230.0,139.0,9859.0,4314.0,3.0
2020-07-09,6888,5062.0,129.0,9600.0,4314.0,8.0
2020-07-10,6701,5250.0,111.0,9377.0,4314.0,3.0
2020-07-11,1822,2998.0,113.0,4270.0,4314.0,3.0
2020-07-12,1381,2284.0,113.0,3311.0,4314.0,2.0
2020-07-13,5918,4376.0,113.0,8540.0,4314.0,3.0
2020-07-14,6654,5072.0,119.0,9775.0,4314.0,4.0
2020-07-15,6998,5168.0,139.0,9967.0,4314.0,4.0
2020-07-16,7046,5060.0,133.0,10048.0,4314.0,2.0
2020-07-17,7244,5395.0,114.0,9896.0,4314.0,10.0
2020-07-18,2035,3565.0,160.0,4853.0,4314.0,23.0
2020-07-19,1507,2477.0,160.0,3673.0,4314.0,10.0
2020-07-20,10779,5642.0,160.0,10635.0,4314.0,65.0
2020-07-21,11431,5706.0,148.0,11239.0,5160.0,29.0
2020-07-22,11326,5558.0,153.0,11361.0,5060.0,34.0
2020-07-23,11244,5630.0,167.0,11301.0,5205.0,64.0
2020-07-24,11450,6212.0,124.0,11382.0,5209.0,43.0
2020-07-25,2013,3721.0,157.0,4838.0,5038.0,15.0
2020-07-26,1377,1935.0,157.0,2952.0,5038.0,14.0
2020-07-27,9904,4865.0,157.0,9922.0,5038.0,25.0
2020-07-28,11472,5796.0,179.0,11497.0,5366.0,56.0
2020-07-29,11780,6020.0,185.0,11809.0,5454.0,44.0
2020-07-30,11668,5992.0,134.0,11538.0,5341.0,70.0
2020-07-31,11670,6433.0,131.0,11738.0,4386.0,46.0
2020-08-01,2174,3638.0,148.0,5068.0,5289.0,45.0
2020-08-02,1733,2489.0,148.0,3663.0,5289.0,22.0
2020-08-03,11297,5464.0,148.0,10927.0,5289.0,89.0
2020-08-04,11694,5756.0,167.0,11698.0,5384.0,42.0
2020-08-05,11328,5680.0,168.0,11624.0,5320.0,55.0
2020-08-06,11774,5871.0,176.0,11698.0,5135.0,50.0
2020-08-07,10080,5185.0,124.0,9993.0,4680.0,26.0
2020-08-08,1762,2550.0,170.0,4264.0,5176.0,17.0
2020-08-09,1420,1907.0,170.0,3035.0,5176.0,12.0
2020-08-10,11596,5647.0,170.0,11223.0,5176.0,58.0
2020-08-11,11796,5801.0,168.0,11817.0,5235.0,55.0
2020-08-12,11814,5681.0,180.0,11606.0,5116.0,52.0
2020-08-13,11977,5930.0,172.0,11904.0,5184.0,58.0
2020-08-14,11722,6337.0,157.0,11965.0,4892.0,49.0
2020-08-15,2083,3221.0,183.0,4659.0,5306.0,16.0
2020-08-16,1760,2609.0,183.0,3573.0,5306.0,22.0
2020-08-17,11744,5628.0,183.0,11068.0,5306.0,39.0
2020-08-18,11925,5890.0,174.0,11641.0,5133.0,83.0
2020-08-19,10950,5173.0,172.0,10853.0,4996.0,55.0
2020-08-20,10797,5938.0,158.0,11319.0,1939.0,55.0
2020-08-21,10782,5601.0,151.0,10671.0,4802.0,58.0
2020-08-22,2036,2846.0,156.0,4520.0,5247.0,15.0
2020-08-23,1657,2419.0,156.0,3710.0,5247.0,21.0
2020-08-24,11504,5692.0,156.0,11230.0,5247.0,55.0
2020-08-25,11942,6103.0,186.0,11884.0,5176.0,46.0
2020-08-26,11782,5909.0,175.0,11980.0,5235.0,37.0
2020-08-27,12319,6259.0,165.0,11917.0,4962.0,55.0
2020-08-28,12135,6702.0,163.0,12374.0,4381.0,59.0
2020-08-29,2266,3880.0,177.0,5153.0,5156.0,14.0
2020-08-30,1841,2713.0,177.0,3867.0,5156.0,27.0
2020-08-31,11736,5810.0,177.0,11520.0,5156.0,46.0
2020-09-01,12001,6149.0,187.0,12148.0,5041.0,69.0
2020-09-02,12087,6195.0,174.0,12014.0,5165.0,55.0
2020-09-03,12307,6055.0,192.0,11891.0,5195.0,49.0
2020-09-04,12462,6712.0,135.0,12340.0,4974.0,72.0
2020-09-05,2352,3874.0,194.0,5703.0,5086.0,33.0
2020-09-06,1687,2709.0,194.0,3998.0,5086.0,10.0
2020-09-07,11841,5825.0,194.0,11846.0,5086.0,49.0
2020-09-08,12692,6269.0,189.0,12158.0,5132.0,53.0
2020-09-09,12127,6074.0,157.0,11887.0,5078.0,54.0
2020-09-10,12648,6421.0,213.0,12437.0,5072.0,56.0
2020-09-11,12248,6821.0,165.0,12700.0,4919.0,45.0
2020-09-12,2449,3707.0,190.0,5562.0,4973.0,17.0
2020-09-13,1898,2522.0,190.0,3907.0,4973.0,14.0
2020-09-14,12068,6187.0,190.0,12126.0,4973.0,77.0
2020-09-15,12547,6439.0,200.0,12671.0,5124.0,95.0
2020-09-16,12778,6549.0,195.0,12682.0,5075.0,49.0
2020-09-17,12822,6361.0,176.0,12798.0,5085.0,73.0
2020-09-18,12513,6712.0,161.0,12778.0,4808.0,46.0
2020-09-19,2534,4020.0,200.0,5720.0,5022.0,19.0
2020-09-20,1727,2345.0,200.0,3534.0,5022.0,18.0
2020-09-21,12177,5935.0,200.0,11947.0,5022.0,49.0
2020-09-22,12729,6408.0,228.0,12778.0,5228.0,41.0
2020-09-23,12750,6277.0,202.0,12590.0,4965.0,63.0
2020-09-24,13115,6539.0,217.0,12691.0,5071.0,49.0
2020-09-25,10814,5837.0,171.0,11165.0,4109.0,34.0
2020-09-26,2377,3749.0,200.0,5286.0,5522.0,17.0
2020-09-27,1810,2725.0,200.0,4055.0,5522.0,27.0
2020-09-28,8822,6028.0,200.0,10349.0,5522.0,28.0
2020-09-29,9469,6426.0,222.0,11375.0,5522.0,43.0
2020-09-30,8962,5841.0,190.0,10557.0,5522.0,30.0
2020-10-01,9632,6301.0,197.0,11869.0,5522.0,45.0
2020-10-02,9099,6465.0,153.0,11136.0,5522.0,49.0
2020-10-03,2448,3993.0,187.0,5499.0,5522.0,23.0
2020-10-04,1835,3226.0,187.0,4156.0,5522.0,27.0
2020-10-05,1939,2908.0,187.0,4165.0,5522.0,23.0
2020-10-06,8397,5496.0,187.0,10183.0,5522.0,31.0
2020-10-07,8928,5773.0,228.0,10638.0,5522.0,40.0
2020-10-08,8654,5669.0,212.0,10697.0,5522.0,35.0
2020-10-09,9448,6380.0,191.0,11243.0,5522.0,33.0
2020-10-10,2518,4152.0,215.0,5776.0,5522.0,19.0
2020-10-11,1846,2842.0,215.0,4107.0,5522.0,45.0
2020-10-12,12751,6503.0,215.0,12624.0,5522.0,102.0
2020-10-13,13449,6815.0,243.0,13550.0,5596.0,106.0
2020-10-14,13220,6932.0,235.0,13692.0,5362.0,56.0
2020-10-15,13560,7021.0,227.0,13692.0,5380.0,66.0
2020-10-16,12902,7135.0,192.0,13176.0,5127.0,37.0
2020-10-17,2703,3865.0,209.0,5492.0,5319.0,15.0
2020-10-18,1897,2913.0,209.0,4101.0,5319.0,13.0
2020-10-19,12986,6459.0,209.0,12772.0,5319.0,40.0
2020-10-20,13325,6968.0,273.0,13565.0,5488.0,47.0
2020-10-21,13539,6988.0,285.0,13699.0,5329.0,49.0
2020-10-22,13517,7067.0,250.0,13741.0,5340.0,38.0
2020-10-23,13313,6459.0,198.0,13817.0,5004.0,40.0
2020-10-24,2428,3154.0,239.0,4663.0,4938.0,12.0
2020-10-25,1865,2403.0,239.0,3787.0,4938.0,9.0
2020-10-26,11342,5503.0,239.0,11623.0,4938.0,37.0
2020-10-27,13366,6594.0,249.0,13389.0,5398.0,40.0
2020-10-28,13441,7017.0,237.0,13669.0,5350.0,46.0
2020-10-29,13382,6840.0,223.0,13813.0,5210.0,68.0
2020-10-30,13472,6242.0,186.0,13757.0,4943.0,53.0
2020-10-31,2453,2544.0,247.0,4521.0,5084.0,14.0
2020-11-01,2082,2560.0,247.0,4260.0,5084.0,22.0
2020-11-02,13149,5827.0,247.0,12978.0,5084.0,51.0
2020-11-03,13524,7172.0,237.0,13918.0,5160.0,66.0
2020-11-04,13690,6768.0,249.0,13685.0,5116.0,40.0
2020-11-05,12251,6152.0,212.0,12220.0,4789.0,54.0
2020-11-06,13752,7333.0,194.0,13984.0,4941.0,31.0
2020-11-07,2897,4034.0,242.0,5741.0,4768.0,25.0
2020-11-08,1897,2846.0,242.0,4312.0,4768.0,16.0
2020-11-09,13296,6869.0,242.0,13461.0,4768.0,52.0
2020-11-10,13657,7540.0,230.0,14231.0,4841.0,59.0
2020-11-11,13983,7616.0,255.0,14158.0,4924.0,50.0
2020-11-12,13405,6989.0,273.0,13688.0,4983.0,74.0
2020-11-13,13394,7584.0,198.0,13614.0,4672.0,65.0
2020-11-14,2876,4782.0,228.0,6061.0,4762.0,18.0
2020-11-15,2055,3196.0,228.0,4597.0,4762.0,20.0
2020-11-16,12808,6968.0,228.0,12879.0,4762.0,37.0
2020-11-17,13498,7809.0,273.0,14397.0,4780.0,42.0
2020-11-18,13637,8032.0,266.0,14649.0,4795.0,63.0
2020-11-19,13991,7885.0,244.0,14789.0,4725.0,39.0
2020-11-20,13285,8413.0,188.0,14184.0,4534.0,42.0
2020-11-21,3049,4802.0,234.0,6306.0,4429.0,21.0
2020-11-22,1902,3027.0,234.0,4360.0,4429.0,23.0
2020-11-23,12169,6935.0,234.0,13066.0,4429.0,45.0
2020-11-24,13445,8019.0,278.0,14531.0,4690.0,80.0
2020-11-25,13693,8078.0,283.0,14925.0,4722.0,74.0
2020-11-26,13752,8194.0,237.0,14711.0,4502.0,67.0
2020-11-27,13588,9101.0,183.0,15110.0,4155.0,38.0
2020-11-28,3122,4606.0,247.0,6059.0,4687.0,16.0
2020-11-29,2133,3417.0,247.0,4919.0,4687.0,21.0
2020-11-30,12851,7583.0,247.0,13798.0,4687.0,41.0
2020-12-01,13219,8006.0,270.0,13883.0,4467.0,54.0
2020-12-02,13699,8330.0,252.0,14685.0,4238.0,46.0
2020-12-03,13587,8360.0,265.0,14944.0,4111.0,44.0
2020-12-04,13528,9163.0,187.0,14770.0,3830.0,65.0
2020-12-05,3054,4333.0,214.0,6090.0,3705.0,29.0
2020-12-06,2094,3260.0,214.0,4717.0,3705.0,15.0
2020-12-07,13012,7713.0,214.0,13917.0,3705.0,42.0
2020-12-08,13519,8538.0,257.0,15053.0,3522.0,55.0
2020-12-09,13538,8600.0,254.0,14832.0,2988.0,49.0
2020-12-10,13171,8634.0,237.0,14607.0,2553.0,56.0
2020-12-11,12982,8995.0,195.0,14731.0,2279.0,58.0
2020-12-12,3187,5177.0,249.0,6380.0,971.0,16.0
2020-12-13,2251,3621.0,249.0,4833.0,971.0,26.0
2020-12-14,12176,8184.0,249.0,13666.0,971.0,38.0
2020-12-15,12627,8322.0,266.0,14088.0,1135.0,46.0
2020-12-16,12534,8169.0,227.0,13561.0,979.0,53.0
2020-12-17,12712,8500.0,249.0,14190.0,911.0,47.0
2020-12-18,11979,8632.0,207.0,13934.0,619.0,57.0
2020-12-19,3103,4635.0,188.0,5958.0,1217.0,24.0
2020-12-20,2041,3529.0,188.0,4583.0,1217.0,17.0
2020-12-21,8915,6484.0,188.0,10986.0,1217.0,69.0
2020-12-22,9059,6636.0,186.0,10915.0,1217.0,36.0
2020-12-23,8512,6393.0,152.0,10362.0,1217.0,87.0
2020-12-24,6332,4990.0,35.0,7565.0,1217.0,41.0
2020-12-25,172,451.0,15.0,356.0,1217.0,21.0
2020-12-26,1910,3759.0,15.0,4918.0,1217.0,21.0
2020-12-27,1759,2932.0,15.0,3913.0,1217.0,15.0
2020-12-28,2091,3086.0,15.0,4440.0,1217.0,17.0
2020-12-29,4909,3966.0,15.0,5777.0,1217.0,37.0
2020-12-30,5375,3985.0,13.0,6117.0,1217.0,32.0
2020-12-31,5296,4955.0,12.0,5831.0,1217.0,34.0
2021-01-01,1256,2434.0,150.0,2608.0,1217.0,13.0
2021-01-02,2113,3514.0,150.0,4362.0,1217.0,25.0
2021-01-03,1509,2415.0,150.0,3241.0,1217.0,13.0
2021-01-04,7269,5337.0,150.0,9105.0,1217.0,38.0
2021-01-05,8057,6167.0,166.0,9725.0,1217.0,39.0
2021-01-06,8049,5878.0,179.0,9748.0,1217.0,36.0
2021-01-07,8318,6099.0,149.0,10430.0,1217.0,38.0
2021-01-08,8402,6501.0,144.0,10400.0,1217.0,34.0
2021-01-09,2323,4005.0,110.0,4997.0,1217.0,27.0
2021-01-10,1866,2063.0,110.0,4063.0,1217.0,18.0
2021-01-11,4199,5553.0,110.0,3843.0,1217.0,2.0
2021-01-12,6121,5468.0,127.0,7538.0,1217.0,16.0
2021-01-13,10052,5004.0,219.0,12502.0,1217.0,46.0
2021-01-14,9839,5073.0,223.0,12053.0,1217.0,30.0
2021-01-15,10317,5360.0,175.0,12170.0,1217.0,47.0
2021-01-16,2705,2715.0,276.0,5439.0,1217.0,29.0
2021-01-17,1974,1898.0,276.0,4229.0,1217.0,15.0
2021-01-18,10092,5056.0,276.0,12681.0,1217.0,40.0
2021-01-19,10546,5565.0,283.0,13358.0,1217.0,49.0
2021-01-20,10775,5557.0,278.0,13546.0,1217.0,46.0
2021-01-21,10496,5460.0,236.0,13303.0,1217.0,45.0
2021-01-22,10235,5446.0,196.0,12627.0,1217.0,45.0
2021-01-23,2945,2568.0,144.0,5160.0,1217.0,26.0
2021-01-24,1949,2590.0,144.0,3903.0,1217.0,42.0
2021-01-25,8323,5489.0,144.0,9855.0,1217.0,37.0
2021-01-26,1960,2800.0,282.0,4382.0,1217.0,14.0
2021-01-27,10770,7068.0,282.0,13369.0,1217.0,51.0
2021-01-28,10711,6942.0,280.0,12890.0,1217.0,45.0
2021-01-29,9839,6673.0,200.0,11929.0,1217.0,50.0
2021-01-30,2963,4235.0,267.0,5929.0,1217.0,34.0
2021-01-31,2227,3231.0,267.0,4579.0,1217.0,19.0
2021-02-01,12304,7426.0,267.0,13727.0,1217.0,42.0
2021-02-02,15765,8633.0,284.0,16256.0,5961.0,47.0
2021-02-03,16332,8949.0,295.0,16550.0,6740.0,46.0
2021-02-04,16008,8818.0,269.0,16473.0,6887.0,76.0
2021-02-05,15710,9112.0,237.0,15836.0,6347.0,102.0
2021-02-06,2767,4138.0,276.0,5742.0,6561.0,32.0
2021-02-07,2211,3647.0,276.0,4879.0,6561.0,28.0
2021-02-08,15767,8629.0,276.0,15967.0,6561.0,59.0
2021-02-09,16667,9031.0,301.0,17252.0,6533.0,75.0
2021-02-10,16511,9238.0,315.0,17184.0,6441.0,74.0
2021-02-11,16855,9005.0,308.0,17343.0,6264.0,111.0
2021-02-12,15506,8650.0,230.0,15651.0,5317.0,79.0
2021-02-13,3220,4787.0,284.0,6099.0,6048.0,30.0
2021-02-14,2452,3681.0,284.0,5320.0,6048.0,23.0
2021-02-15,16004,8666.0,284.0,16823.0,6048.0,47.0
2021-02-16,16939,8742.0,341.0,17743.0,6211.0,97.0
2021-02-17,16515,9313.0,288.0,17924.0,6045.0,79.0
2021-02-18,16578,8948.0,294.0,17583.0,5881.0,109.0
2021-02-19,15799,9347.0,215.0,16832.0,5684.0,43.0
2021-02-20,3241,4816.0,318.0,6232.0,5741.0,27.0
2021-02-21,2100,3216.0,318.0,4417.0,5741.0,18.0
2021-02-22,16090,8742.0,318.0,16780.0,5741.0,84.0
2021-02-23,16307,9324.0,340.0,17544.0,5964.0,90.0
2021-02-24,16729,9315.0,333.0,17840.0,6105.0,95.0
2021-02-25,16339,9267.0,301.0,17560.0,5829.0,110.0
2021-02-26,16179,9691.0,244.0,17227.0,5709.0,87.0
2021-02-27,3369,5149.0,310.0,6554.0,5857.0,24.0
2021-02-28,2148,3430.0,310.0,4932.0,5857.0,24.0
2021-03-01,16232,8903.0,310.0,17113.0,5857.0,72.0
2021-03-02,15296,9596.0,340.0,17364.0,2279.0,84.0
2021-03-03,16892,9733.0,320.0,18152.0,5769.0,85.0
2021-03-04,16920,9332.0,304.0,17909.0,5813.0,76.0
2021-03-05,15957,9623.0,205.0,17175.0,4850.0,68.0
2021-03-06,3287,5006.0,340.0,6519.0,5870.0,42.0
2021-03-07,2365,3802.0,340.0,4993.0,5870.0,18.0
2021-03-08,2252,3175.0,340.0,4576.0,5870.0,24.0
2021-03-09,16823,9430.0,340.0,17491.0,5870.0,93.0
2021-03-10,16721,9261.0,353.0,18172.0,5784.0,70.0
2021-03-11,16764,9151.0,280.0,17836.0,5839.0,99.0
2021-03-12,16565,9548.0,258.0,17365.0,5472.0,79.0
2021-03-13,3272,3524.0,354.0,6628.0,5693.0,26.0
2021-03-14,1760,1703.0,354.0,4112.0,5693.0,12.0
2021-03-15,16570,9384.0,354.0,17731.0,5693.0,57.0
2021-03-16,16977,9505.0,328.0,18352.0,5813.0,75.0
2021-03-17,16785,9652.0,382.0,18088.0,5806.0,58.0
2021-03-18,16701,9561.0,315.0,18249.0,5861.0,85.0
2021-03-19,16607,9711.0,236.0,16941.0,5569.0,57.0
2021-03-20,3186,4406.0,290.0,5835.0,3.0,28.0
2021-03-21,1903,2741.0,290.0,4100.0,3.0,30.0
2021-03-22,15025,8181.0,290.0,15489.0,5451.0,62.0
2021-03-23,14108,8154.0,322.0,15402.0,5170.0,61.0
2021-03-24,16871,9638.0,336.0,18181.0,5814.0,84.0
2021-03-25,16955,9822.0,328.0,18354.0,5521.0,88.0
2021-03-26,16457,10272.0,212.0,17390.0,5531.0,93.0
2021-03-27,3224,5581.0,283.0,6530.0,5744.0,19.0
2021-03-28,2286,3552.0,283.0,4928.0,5744.0,31.0
2021-03-29,15448,8964.0,283.0,16476.0,5744.0,70.0
2021-03-30,16440,9534.0,335.0,17212.0,5680.0,78.0
2021-04-01,15612,9075.0,252.0,16471.0,4890.0,98.0
2021-04-02,1268,2517.0,318.0,2850.0,3577.0,12.0
2021-04-03,2445,4380.0,318.0,5352.0,3577.0,22.0
2021-04-04,1744,2986.0,318.0,3891.0,3577.0,23.0
2021-04-05,2153,3185.0,318.0,4369.0,3577.0,17.0
2021-04-06,11113,8226.0,318.0,14590.0,3577.0,59.0
2021-04-07,11733,8605.0,292.0,15283.0,3577.0,50.0
2021-04-08,11836,8604.0,262.0,15243.0,3577.0,69.0
2021-04-09,11445,9039.0,215.0,14506.0,3577.0,54.0
2021-04-10,3123,4847.0,277.0,6049.0,3577.0,33.0
2021-04-11,2086,3431.0,277.0,4734.0,3577.0,22.0
2021-04-12,11021,8155.0,277.0,14571.0,3577.0,49.0
2021-04-13,11968,8770.0,313.0,15654.0,3577.0,70.0
2021-04-14,11809,8649.0,308.0,15495.0,3577.0,46.0
2021-04-15,11963,8963.0,296.0,15793.0,3577.0,61.0
2021-04-16,11478,8901.0,234.0,14947.0,3577.0,81.0
2021-04-17,3156,4913.0,333.0,6445.0,3577.0,26.0
2021-04-18,2065,3290.0,333.0,4619.0,3577.0,30.0
2021-04-19,15767,8983.0,333.0,16782.0,3577.0,51.0
2021-04-20,16659,9901.0,294.0,18151.0,6238.0,100.0
2021-04-21,17008,9756.0,333.0,18260.0,5945.0,87.0
2021-04-22,17017,9626.0,325.0,18501.0,5744.0,75.0
2021-04-23,16420,9626.0,267.0,16969.0,5811.0,75.0
2021-04-24,3190,4487.0,330.0,6112.0,5474.0,16.0
2021-04-25,1983,3378.0,330.0,4258.0,5474.0,14.0
2021-04-26,2282,3173.0,330.0,4503.0,5474.0,23.0
2021-04-27,16970,9766.0,330.0,18261.0,5474.0,125.0
2021-04-28,16743,10003.0,289.0,18598.0,5665.0,98.0
2021-04-29,17194,9979.0,315.0,18817.0,5599.0,98.0
2021-04-30,16507,9949.0,246.0,17759.0,5540.0,69.0
2021-05-01,3210,5051.0,314.0,6511.0,5557.0,31.0
2021-05-02,2081,3242.0,314.0,4977.0,5557.0,34.0
2021-05-03,16093,8837.0,314.0,16855.0,5557.0,54.0
2021-05-04,15234,8655.0,304.0,16176.0,5157.0,71.0
2021-05-05,16573,9338.0,341.0,17666.0,5786.0,77.0
2021-05-06,16818,9674.0,315.0,17926.0,5465.0,90.0
2021-05-07,16324,9909.0,264.0,17623.0,5391.0,66.0
2021-05-08,3305,4974.0,303.0,6662.0,5369.0,35.0
2021-05-09,2063,3493.0,303.0,4627.0,5369.0,24.0
2021-05-10,15851,9073.0,303.0,17096.0,5369.0,90.0
2021-05-11,16561,9506.0,347.0,17516.0,5581.0,90.0
2021-05-12,16877,9874.0,338.0,17889.0,5379.0,46.0
2021-05-13,16541,9724.0,311.0,18003.0,5426.0,108.0
2021-05-14,16262,9740.0,226.0,17216.0,5391.0,82.0
2021-05-15,3003,4645.0,290.0,6296.0,5324.0,27.0
2021-05-16,2161,3355.0,290.0,4701.0,5324.0,26.0
2021-05-17,15725,8498.0,290.0,16844.0,5324.0,58.0
2021-05-18,16492,9542.0,350.0,17753.0,5362.0,69.0
2021-05-19,16548,9492.0,323.0,17840.0,5307.0,65.0
2021-05-20,16343,9710.0,310.0,17375.0,4823.0,94.0
2021-05-21,16352,10086.0,247.0,17849.0,5224.0,68.0
2021-05-22,3257,4849.0,302.0,6541.0,5234.0,42.0
2021-05-23,2135,3430.0,302.0,4664.0,5234.0,54.0
2021-05-24,15716,9235.0,302.0,16929.0,5234.0,73.0
2021-05-25,16514,9619.0,328.0,17408.0,5388.0,88.0
2021-05-26,16451,9619.0,347.0,17927.0,5171.0,65.0
2021-05-27,16618,9841.0,310.0,17936.0,5285.0,114.0
2021-05-28,16113,9808.0,246.0,16822.0,5178.0,91.0
2021-05-29,3113,4730.0,324.0,6304.0,5675.0,28.0
2021-05-30,2123,3480.0,324.0,4871.0,5675.0,33.0
2021-05-31,2302,3116.0,324.0,4712.0,5675.0,25.0
2021-06-01,16356,9283.0,324.0,17202.0,5675.0,64.0
2021-06-02,16489,9620.0,305.0,17913.0,5512.0,110.0
2021-06-03,14430,8241.0,309.0,15403.0,5020.0,66.0
2021-06-04,16028,9564.0,247.0,16553.0,5433.0,57.0
2021-06-05,3279,4610.0,287.0,6389.0,5400.0,37.0
2021-06-06,2077,3303.0,287.0,4665.0,5400.0,20.0
2021-06-07,15462,9033.0,287.0,16468.0,5400.0,69.0
2021-06-08,16301,9571.0,334.0,17376.0,5389.0,66.0
2021-06-09,14998,9167.0,317.0,16406.0,5297.0,56.0
2021-06-10,15388,9114.0,289.0,16617.0,5269.0,84.0
2021-06-11,14834,9153.0,210.0,16181.0,4912.0,58.0
2021-06-12,3055,4445.0,309.0,6054.0,5069.0,23.0
2021-06-13,2130,4063.0,309.0,5204.0,5069.0,29.0
2021-06-14,2043,3204.0,309.0,4470.0,5069.0,12.0
2021-06-15,15462,9377.0,309.0,16887.0,5069.0,79.0
2021-06-16,14752,8957.0,301.0,16002.0,4916.0,68.0
2021-06-17,15189,9338.0,320.0,17070.0,4969.0,68.0
2021-06-18,14794,9746.0,267.0,16438.0,4737.0,64.0
2021-06-19,3205,4629.0,304.0,6330.0,4295.0,18.0
2021-06-20,1947,3298.0,304.0,4742.0,4295.0,22.0
2021-06-21,14587,8914.0,304.0,16243.0,4295.0,53.0
2021-06-22,15204,9372.0,324.0,16855.0,4239.0,80.0
2021-06-23,14881,9455.0,314.0,16610.0,4174.0,70.0
2021-06-24,12056,7920.0,282.0,14017.0,3271.0,66.0
2021-06-25,13570,9092.0,224.0,14802.0,3337.0,62.0
2021-06-26,3170,4718.0,230.0,6242.0,5.0,17.0
2021-06-27,2109,3300.0,230.0,4711.0,5.0,19.0
2021-06-28,9512,6550.0,230.0,12511.0,5.0,49.0
2021-06-29,10292,7197.0,279.0,13043.0,5.0,37.0
2021-06-30,10372,7411.0,273.0,13369.0,5.0,59.0
2021-07-01,10114,7269.0,267.0,12813.0,2467.0,56.0
2021-07-02,10127,7741.0,203.0,12920.0,2467.0,37.0
2021-07-03,2729,3929.0,256.0,5591.0,2467.0,30.0
2021-07-04,1856,2895.0,256.0,4146.0,2467.0,35.0
2021-07-05,10261,7354.0,256.0,13077.0,2467.0,27.0
2021-07-06,10113,7544.0,270.0,13375.0,2467.0,41.0
2021-07-07,10892,7901.0,285.0,13678.0,2467.0,52.0
2021-07-08,10843,8201.0,270.0,14035.0,2467.0,43.0
2021-07-09,10476,8172.0,193.0,13363.0,2467.0,40.0
2021-07-10,2855,4626.0,268.0,6007.0,2467.0,21.0
2021-07-11,1966,3213.0,268.0,4514.0,2467.0,11.0
2021-07-12,14136,8295.0,268.0,15328.0,2467.0,50.0
2021-07-13,15437,8969.0,312.0,16007.0,5151.0,56.0
2021-07-14,14900,8802.0,273.0,15542.0,5224.0,59.0
2021-07-15,14865,8811.0,276.0,15373.0,5263.0,88.0
2021-07-16,13721,8248.0,209.0,14637.0,4720.0,66.0
2021-07-17,2735,3651.0,281.0,5236.0,5217.0,20.0
2021-07-18,2026,3035.0,281.0,4398.0,5217.0,36.0
2021-07-19,15032,8449.0,281.0,15625.0,5217.0,61.0
2021-07-20,15046,8528.0,328.0,15468.0,5450.0,66.0
2021-07-21,15708,8764.0,325.0,16434.0,5252.0,110.0
2021-07-22,15589,9013.0,292.0,16465.0,5461.0,114.0
2021-07-23,14234,8392.0,207.0,14986.0,5025.0,56.0
2021-07-24,2866,3814.0,295.0,5721.0,5557.0,77.0
2021-07-25,1869,2673.0,295.0,4102.0,5557.0,20.0
2021-07-26,14918,8563.0,295.0,15651.0,5557.0,57.0
2021-07-27,15886,9178.0,315.0,16923.0,5688.0,77.0
2021-07-28,15168,8604.0,314.0,16204.0,5318.0,55.0
2021-07-29,15846,9420.0,270.0,16980.0,5534.0,91.0
2021-07-30,15531,9164.0,236.0,16405.0,5201.0,62.0
2021-07-31,3059,4355.0,292.0,6004.0,4647.0,28.0
2021-08-01,1862,2799.0,292.0,4160.0,4647.0,18.0
2021-08-02,15232,8730.0,292.0,16641.0,4647.0,91.0
2021-08-03,15630,8950.0,323.0,16981.0,5399.0,49.0
2021-08-04,15933,9224.0,315.0,17131.0,5186.0,54.0
2021-08-05,15753,9203.0,270.0,17369.0,5183.0,115.0
2021-08-06,15595,9565.0,244.0,16451.0,5047.0,64.0
2021-08-07,3098,4506.0,311.0,6145.0,5268.0,33.0
2021-08-08,1956,3094.0,311.0,4346.0,5268.0,26.0
2021-08-09,15466,8880.0,311.0,16701.0,5268.0,62.0
2021-08-10,16088,9447.0,300.0,17588.0,5489.0,71.0
2021-08-11,15917,9295.0,319.0,17484.0,5160.0,58.0
2021-08-12,12264,7130.0,217.0,13291.0,1925.0,55.0
2021-08-13,2339,1214.0,16.0,2474.0,9.0,11.0
2021-08-14,720,671.0,23.0,1207.0,14.0,13.0
2021-08-15,525,526.0,23.0,906.0,14.0,10.0
2021-08-16,2079,953.0,23.0,2185.0,14.0,11.0
2021-08-17,2066,949.0,20.0,2139.0,29.0,14.0
2021-08-18,2079,800.0,22.0,1915.0,19.0,17.0
2021-08-19,1959,768.0,21.0,1920.0,14.0,13.0
2021-08-20,2015,741.0,9.0,1907.0,11.0,13.0
2021-08-21,722,503.0,17.0,1079.0,10.0,6.0
2021-08-22,489,409.0,17.0,862.0,10.0,5.0
2021-08-23,1905,745.0,17.0,1758.0,10.0,18.0
2021-08-24,1788,711.0,20.0,1714.0,27.0,14.0
2021-08-25,2035,720.0,23.0,1846.0,1861.0,12.0
2021-08-26,2074,753.0,14.0,1909.0,1861.0,22.0
2021-08-27,2086,772.0,20.0,1888.0,1861.0,24.0
2021-08-28,735,566.0,22.0,1081.0,1861.0,7.0
2021-08-29,463,375.0,22.0,821.0,1861.0,9.0
2021-08-30,1996,729.0,22.0,1984.0,1861.0,16.0
2021-08-31,2111,767.0,19.0,1877.0,1861.0,18.0
2021-09-01,2093,791.0,24.0,2000.0,1861.0,14.0
2021-09-02,2126,813.0,21.0,2127.0,1861.0,17.0
2021-09-03,2269,897.0,20.0,2263.0,1861.0,20.0
2021-09-04,590,433.0,27.0,1016.0,1861.0,11.0
2021-09-05,458,456.0,27.0,943.0,1861.0,7.0
2021-09-06,2147,864.0,27.0,2153.0,1861.0,25.0
2021-09-07,2035,853.0,24.0,2189.0,1861.0,28.0
2021-09-08,2191,928.0,22.0,2114.0,1861.0,22.0
2021-09-09,2295,878.0,19.0,2177.0,1861.0,26.0
2021-09-10,2400,847.0,18.0,2299.0,1861.0,36.0
2021-09-11,820,612.0,22.0,1283.0,1861.0,11.0
2021-09-12,538,501.0,22.0,1059.0,1861.0,8.0
2021-09-13,2164,848.0,22.0,2204.0,1861.0,35.0
2021-09-14,2367,936.0,23.0,2300.0,1861.0,22.0
2021-09-15,2344,913.0,21.0,2280.0,1861.0,21.0
2021-09-16,2429,943.0,23.0,2390.0,1861.0,33.0
2021-09-17,2516,1016.0,15.0,2354.0,1861.0,30.0
2021-09-18,708,585.0,23.0,1217.0,1861.0,10.0
2021-09-19,570,549.0,23.0,1014.0,1861.0,13.0
2021-09-20,2136,909.0,23.0,2215.0,1861.0,25.0
2021-09-21,2229,959.0,22.0,2294.0,1861.0,26.0
2021-09-22,2389,1013.0,18.0,2389.0,1861.0,21.0
2021-09-23,2369,989.0,24.0,2407.0,1861.0,23.0
2021-09-24,2510,1025.0,16.0,2530.0,1861.0,26.0
2021-09-25,821,709.0,20.0,1425.0,1861.0,12.0
2021-09-26,563,599.0,20.0,1176.0,1861.0,5.0
2021-09-27,2431,1046.0,20.0,2326.0,1861.0,27.0
2021-09-28,2435,1014.0,25.0,2387.0,1861.0,27.0
2021-09-29,2086,878.0,20.0,2167.0,1861.0,22.0
2021-09-30,2351,983.0,18.0,2344.0,1861.0,29.0
2021-10-01,2593,1101.0,19.0,2575.0,1861.0,21.0
2021-10-02,888,774.0,26.0,1425.0,1861.0,12.0
2021-10-03,594,691.0,26.0,1311.0,1861.0,10.0
2021-10-04,730,660.0,26.0,1393.0,1861.0,12.0
2021-10-05,2619,1085.0,26.0,2647.0,1861.0,22.0
2021-10-06,2821,1217.0,22.0,2837.0,1861.0,36.0
2021-10-07,2691,1217.0,20.0,2926.0,1861.0,27.0
2021-10-08,2896,1233.0,21.0,2944.0,1861.0,17.0
2021-10-09,954,893.0,29.0,1730.0,1861.0,5.0
2021-10-10,602,611.0,29.0,1228.0,1861.0,8.0
2021-10-11,2778,1205.0,29.0,2729.0,1861.0,20.0
2021-10-12,2775,1231.0,36.0,2806.0,1861.0,29.0
2021-10-13,2732,1229.0,28.0,2777.0,1861.0,29.0
2021-10-14,2589,1082.0,24.0,2718.0,1861.0,23.0
2021-10-15,3542,1892.0,28.0,3579.0,1861.0,29.0
2021-10-16,1353,1671.0,46.0,2504.0,1861.0,12.0
2021-10-17,883,1321.0,46.0,2098.0,1861.0,10.0
2021-10-18,4309,2260.0,46.0,4470.0,1861.0,63.0
2021-10-19,4930,2240.0,53.0,4649.0,1861.0,21.0
2021-10-20,5259,2318.0,58.0,5027.0,1861.0,41.0
2021-10-21,5132,2380.0,48.0,5301.0,1861.0,38.0
2021-10-22,6021,3057.0,41.0,6156.0,1861.0,39.0
2021-10-23,1832,2356.0,80.0,3703.0,1861.0,15.0
2021-10-24,1236,1741.0,80.0,2807.0,1861.0,16.0
2021-10-25,6517,3158.0,80.0,6569.0,1861.0,39.0
2021-10-26,7511,3291.0,77.0,6912.0,2041.0,61.0
2021-10-27,7748,3515.0,73.0,7175.0,2000.0,34.0
2021-10-28,7872,3510.0,78.0,7119.0,2116.0,63.0
2021-10-29,8319,4023.0,71.0,8072.0,2024.0,42.0
2021-10-30,2254,3294.0,106.0,4623.0,4650.0,11.0
2021-10-31,1558,2212.0,106.0,3307.0,4650.0,16.0
2021-11-01,9291,4575.0,106.0,8821.0,4650.0,64.0
2021-11-02,10172,5042.0,116.0,9436.0,4866.0,72.0
2021-11-03,10321,5114.0,122.0,9626.0,4910.0,51.0
2021-11-04,9013,4379.0,112.0,8518.0,4388.0,56.0
2021-11-05,9840,5081.0,93.0,9188.0,4393.0,50.0
2021-11-06,2250,3419.0,140.0,4524.0,4516.0,35.0
2021-11-07,1474,2342.0,140.0,3389.0,4516.0,16.0
2021-11-08,9798,5040.0,140.0,9354.0,4516.0,67.0
2021-11-09,10671,5459.0,143.0,10233.0,4732.0,38.0
2021-11-10,10766,5418.0,158.0,10274.0,4747.0,68.0
2021-11-11,11004,5523.0,129.0,10359.0,4731.0,77.0
2021-11-12,9123,5189.0,113.0,9312.0,3660.0,57.0
2021-11-13,2225,3257.0,154.0,4599.0,4451.0,17.0
2021-11-14,1462,2109.0,154.0,3289.0,4451.0,16.0
2021-11-15,10197,5165.0,154.0,9988.0,4451.0,80.0
2021-11-16,10946,5979.0,165.0,11113.0,4641.0,50.0
2021-11-17,11074,6058.0,153.0,11305.0,4574.0,42.0
2021-11-18,10609,6167.0,143.0,11415.0,4464.0,51.0
2021-11-19,10516,6492.0,128.0,10990.0,4013.0,48.0
2021-11-20,2440,3756.0,168.0,4993.0,4531.0,26.0
2021-11-21,1677,2593.0,168.0,3849.0,4531.0,19.0
2021-11-22,10505,5865.0,168.0,11053.0,4531.0,33.0
2021-11-23,11289,6341.0,167.0,11741.0,4457.0,51.0
2021-11-24,10571,5992.0,175.0,11603.0,4309.0,62.0
2021-11-25,10397,6065.0,134.0,11144.0,4115.0,38.0
2021-11-26,10451,6524.0,113.0,11230.0,3746.0,63.0
2021-11-27,2728,3949.0,181.0,5549.0,4195.0,22.0
2021-11-28,1820,2837.0,181.0,4416.0,4195.0,20.0
2021-11-29,10741,6438.0,181.0,11422.0,4195.0,51.0
2021-11-30,11367,6862.0,195.0,12653.0,4084.0,48.0
2021-12-01,11388,6868.0,203.0,12338.0,3985.0,83.0
2021-12-02,11386,6669.0,185.0,12560.0,3815.0,64.0
2021-12-03,11420,7405.0,161.0,12708.0,3479.0,51.0
2021-12-04,2878,4304.0,194.0,5796.0,3265.0,18.0
2021-12-05,1835,3029.0,194.0,4304.0,3265.0,27.0
2021-12-06,10902,6586.0,194.0,11920.0,3265.0,45.0
2021-12-07,11101,7148.0,214.0,12939.0,3347.0,42.0
2021-12-08,11353,6969.0,213.0,12215.0,2565.0,76.0
2021-12-09,11059,6942.0,199.0,12064.0,2369.0,52.0
2021-12-10,10141,6917.0,141.0,11752.0,1883.0,41.0
2021-12-11,2880,4493.0,179.0,5914.0,917.0,26.0
2021-12-12,2015,3304.0,179.0,4498.0,917.0,26.0
2021-12-13,10459,6772.0,179.0,11968.0,917.0,58.0
2021-12-14,11100,7081.0,221.0,12751.0,841.0,57.0
2021-12-15,10815,6909.0,216.0,12610.0,854.0,44.0
2021-12-16,11175,7493.0,197.0,13145.0,756.0,63.0
2021-12-17,10707,7812.0,161.0,12696.0,596.0,52.0
2021-12-18,2820,4036.0,172.0,5516.0,4.0,17.0
2021-12-19,1585,2348.0,172.0,3549.0,4.0,40.0
2021-12-20,8432,6021.0,172.0,10552.0,4.0,44.0
2021-12-21,8405,6122.0,156.0,10569.0,3.0,55.0
2021-12-22,8074,5410.0,122.0,9419.0,3.0,55.0
2021-12-23,6891,4653.0,83.0,8183.0,3.0,28.0
2021-12-24,4877,3422.0,29.0,6010.0,3.0,25.0
2021-12-25,79,409.0,12.0,156.0,3.0,19.0
2021-12-26,1263,2186.0,12.0,3243.0,3.0,19.0
2021-12-27,1561,2038.0,12.0,3406.0,3.0,20.0
2021-12-28,1756,2352.0,12.0,3775.0,901.0,13.0
2021-12-29,4248,2987.0,12.0,4744.0,901.0,31.0
2021-12-30,4349,2957.0,16.0,4988.0,901.0,40.0
2021-12-31,4379,3044.0,17.0,5077.0,901.0,12.0
2022-01-01,1028,1653.0,54.0,2245.0,901.0,9.0
2022-01-02,1510,1951.0,54.0,3136.0,901.0,18.0
2022-01-03,1633,2026.0,54.0,3206.0,901.0,18.0
2022-01-04,5744,3581.0,54.0,6655.0,901.0,36.0
2022-01-05,5643,3514.0,49.0,6297.0,901.0,40.0
2022-01-06,5438,3846.0,50.0,6286.0,901.0,26.0
2022-01-07,5292,4167.0,51.0,6005.0,901.0,38.0
2022-01-08,2193,4014.0,73.0,4242.0,901.0,21.0
2022-01-09,1473,2326.0,73.0,3350.0,901.0,30.0
2022-01-10,5732,3548.0,73.0,6644.0,901.0,25.0
2022-01-11,5879,3545.0,75.0,6608.0,901.0,27.0
2022-01-12,5972,3783.0,70.0,6911.0,901.0,29.0
2022-01-13,6164,3667.0,79.0,6893.0,901.0,30.0
2022-01-14,6282,3971.0,49.0,7008.0,901.0,39.0
2022-01-15,2138,2727.0,82.0,4133.0,901.0,16.0
2022-01-16,1602,2180.0,82.0,3427.0,901.0,15.0
2022-01-17,6047,3723.0,82.0,7129.0,901.0,32.0
2022-01-18,5810,3703.0,84.0,6896.0,901.0,37.0
2022-01-19,6419,4160.0,81.0,7608.0,901.0,39.0
2022-01-20,6598,4140.0,93.0,7647.0,901.0,34.0
2022-01-21,6639,4430.0,62.0,7920.0,901.0,43.0
2022-01-22,2402,3283.0,113.0,4831.0,901.0,37.0
2022-01-23,1616,2475.0,113.0,3771.0,901.0,22.0
2022-01-24,6584,4094.0,113.0,7577.0,901.0,45.0
2022-01-25,6884,4342.0,105.0,7925.0,901.0,49.0
2022-01-26,1716,2424.0,94.0,3957.0,901.0,22.0
2022-01-27,7246,4565.0,94.0,8304.0,901.0,43.0
2022-01-28,7358,4799.0,83.0,8416.0,901.0,51.0
2022-01-29,2345,2973.0,99.0,4511.0,901.0,18.0
2022-01-30,1852,2574.0,99.0,4106.0,901.0,44.0
2022-01-31,8241,4904.0,99.0,8679.0,901.0,24.0
2022-02-01,11002,5388.0,112.0,10088.0,5151.0,55.0
2022-02-02,11578,5892.0,114.0,10954.0,5852.0,53.0
2022-02-03,11957,6060.0,114.0,11081.0,5967.0,50.0
2022-02-04,12029,6319.0,100.0,11191.0,5591.0,56.0
2022-02-05,2730,3889.0,136.0,5175.0,5760.0,26.0
2022-02-06,1888,2750.0,136.0,4112.0,5760.0,14.0
2022-02-07,11886,5832.0,136.0,11005.0,5760.0,53.0
2022-02-08,12201,6345.0,135.0,11943.0,5865.0,84.0
2022-02-09,12354,6322.0,142.0,11858.0,5729.0,78.0
2022-02-10,12567,6327.0,128.0,11990.0,5629.0,61.0
2022-02-11,12311,7163.0,114.0,12151.0,5266.0,64.0
2022-02-12,2922,5166.0,143.0,6031.0,5591.0,23.0
2022-02-13,2005,2887.0,143.0,4341.0,5591.0,31.0
2022-02-14,12202,6435.0,143.0,11899.0,5591.0,59.0
2022-02-15,12650,6590.0,157.0,12662.0,5542.0,63.0
2022-02-16,13027,6466.0,157.0,12947.0,5466.0,55.0
2022-02-17,13057,6728.0,149.0,12883.0,5477.0,80.0
2022-02-18,12716,7199.0,127.0,12989.0,5208.0,59.0
2022-02-19,3023,4443.0,143.0,5958.0,5514.0,32.0
2022-02-20,2036,3038.0,143.0,4399.0,5514.0,21.0
2022-02-21,12663,6651.0,143.0,12389.0,5514.0,50.0
2022-02-22,13219,6963.0,171.0,13410.0,5472.0,69.0
2022-02-23,13157,7269.0,161.0,13136.0,5415.0,100.0
2022-02-24,13206,7039.0,138.0,13205.0,5581.0,140.0
2022-02-25,12510,6966.0,134.0,12570.0,5326.0,69.0
2022-02-26,2856,5034.0,161.0,5933.0,5547.0,17.0
2022-02-27,1958,3660.0,161.0,4666.0,5547.0,33.0
2022-02-28,13125,6930.0,161.0,13403.0,5547.0,71.0
2022-03-01,12288,7427.0,192.0,13710.0,2193.0,43.0
2022-03-02,13166,7064.0,196.0,14058.0,5354.0,54.0
2022-03-03,13811,7614.0,193.0,14616.0,5631.0,86.0
2022-03-04,13944,8003.0,170.0,14636.0,5217.0,115.0
2022-03-05,2941,4142.0,191.0,6034.0,11.0,11.0
2022-03-06,1935,3126.0,191.0,4911.0,11.0,20.0
2022-03-07,13340,7215.0,191.0,13970.0,5386.0,47.0
2022-03-08,13366,7524.0,212.0,14318.0,5319.0,89.0
2022-03-09,13929,8144.0,209.0,15109.0,5254.0,63.0
2022-03-10,13773,7887.0,184.0,15192.0,5233.0,85.0
2022-03-11,13492,8348.0,175.0,14959.0,4656.0,49.0
2022-03-12,3099,4842.0,250.0,6933.0,4983.0,21.0
2022-03-13,2028,3748.0,250.0,5191.0,4983.0,21.0
2022-03-14,2098,3309.0,250.0,5210.0,4983.0,26.0
2022-03-15,14148,8159.0,250.0,15778.0,4983.0,57.0
2022-03-16,14079,8440.0,267.0,15871.0,5085.0,137.0
2022-03-17,14363,8534.0,241.0,16272.0,5140.0,110.0
2022-03-18,13920,8671.0,191.0,15136.0,4728.0,109.0
2022-03-19,3189,5160.0,208.0,6911.0,4899.0,34.0
2022-03-20,2006,3196.0,208.0,4803.0,4899.0,7.0
2022-03-21,13377,7956.0,208.0,14689.0,4899.0,75.0
2022-03-22,14014,8326.0,254.0,15939.0,4914.0,101.0
2022-03-23,14095,8541.0,232.0,15849.0,4697.0,54.0
2022-03-24,13605,8230.0,260.0,15712.0,4796.0,69.0
2022-03-25,13446,8656.0,182.0,15567.0,4428.0,49.0
2022-03-26,3022,4629.0,254.0,6642.0,4896.0,19.0
2022-03-27,2031,2942.0,254.0,4909.0,4896.0,33.0
2022-03-28,13027,7620.0,254.0,14486.0,4896.0,49.0
2022-03-29,13418,8535.0,255.0,15308.0,4970.0,57.0
2022-03-30,13667,8693.0,261.0,15187.0,5042.0,80.0
2022-03-31,13451,8495.0,248.0,15075.0,4955.0,62.0
2022-04-01,12837,8514.0,181.0,14617.0,4692.0,67.0
2022-04-02,2751,4433.0,266.0,6021.0,4936.0,15.0
2022-04-03,2052,3363.0,266.0,5203.0,4936.0,56.0
2022-04-04,13714,7935.0,266.0,14466.0,4936.0,48.0
2022-04-05,14132,8463.0,285.0,15602.0,5037.0,50.0
2022-04-06,14261,8349.0,249.0,15143.0,4690.0,68.0
2022-04-07,12644,7607.0,224.0,13913.0,4633.0,55.0
2022-04-08,12639,7956.0,190.0,13976.0,4039.0,48.0
2022-04-09,3084,4630.0,253.0,6502.0,2913.0,30.0
2022-04-10,2035,3536.0,253.0,5237.0,2913.0,24.0
2022-04-11,9488,7256.0,253.0,12413.0,2913.0,40.0
2022-04-12,10254,7869.0,277.0,13742.0,2913.0,48.0
2022-04-13,9915,7671.0,235.0,13210.0,2913.0,58.0
2022-04-14,9845,7470.0,173.0,12618.0,2913.0,83.0
2022-04-15,1155,2768.0,231.0,3000.0,2913.0,8.0
2022-04-16,2541,4171.0,231.0,5337.0,2913.0,12.0
2022-04-17,1569,3203.0,231.0,4099.0,2913.0,14.0
2022-04-18,1839,3064.0,231.0,4454.0,2913.0,22.0
2022-04-19,9097,6941.0,231.0,12267.0,2913.0,51.0
2022-04-20,9682,7575.0,238.0,13207.0,2913.0,48.0
2022-04-21,9704,7564.0,221.0,13175.0,2913.0,49.0
2022-04-22,9307,7546.0,160.0,12607.0,2913.0,50.0
2022-04-23,2932,4614.0,238.0,6026.0,2913.0,21.0
2022-04-24,2094,5283.0,238.0,5204.0,2913.0,18.0
2022-04-25,1675,3039.0,238.0,4089.0,2913.0,11.0
2022-04-26,14074,8797.0,238.0,15608.0,2913.0,63.0
2022-04-27,14299,8797.0,252.0,15723.0,5160.0,92.0
2022-04-28,14221,8741.0,252.0,15995.0,5169.0,71.0
2022-04-29,13989,9034.0,198.0,15513.0,5070.0,50.0
2022-04-30,2947,4949.0,262.0,6182.0,4737.0,17.0
2022-05-01,2116,3635.0,262.0,5166.0,4737.0,15.0
2022-05-02,13602,8231.0,262.0,15038.0,4737.0,65.0
2022-05-03,14452,8861.0,271.0,16091.0,4884.0,64.0
2022-05-04,14028,8768.0,263.0,15588.0,4916.0,118.0
2022-05-05,14014,8862.0,254.0,16040.0,4773.0,72.0
2022-05-07,2957,4761.0,261.0,6214.0,4528.0,18.0
2022-05-08,1815,3424.0,261.0,4869.0,4528.0,18.0
2022-05-09,13333,8416.0,261.0,14670.0,4528.0,53.0
2022-05-10,13618,8881.0,270.0,15462.0,4768.0,97.0
2022-05-11,13897,8834.0,256.0,15412.0,4604.0,67.0
2022-05-12,12449,7602.0,250.0,13954.0,4386.0,56.0
2022-05-13,13176,8858.0,167.0,15019.0,4461.0,71.0
2022-05-14,2993,4715.0,224.0,6276.0,4462.0,17.0
2022-05-15,1733,3050.0,224.0,4560.0,4462.0,26.0
2022-05-16,13615,7662.0,224.0,14577.0,4462.0,55.0
2022-05-17,13979,9047.0,284.0,15836.0,4485.0,56.0
2022-05-18,13723,8795.0,255.0,15675.0,4227.0,50.0
2022-05-19,13710,8879.0,269.0,15691.0,4375.0,71.0
2022-05-20,13225,8420.0,168.0,15030.0,3992.0,60.0
2022-05-21,3102,4821.0,216.0,6478.0,4420.0,19.0
2022-05-22,1955,2981.0,216.0,4777.0,4420.0,18.0
2022-05-23,12914,8289.0,216.0,14440.0,4420.0,42.0
2022-05-24,14029,9022.0,242.0,15715.0,3905.0,75.0
2022-05-25,13683,9034.0,234.0,15536.0,4531.0,54.0
2022-05-26,14094,9156.0,236.0,15478.0,4057.0,76.0
2022-05-27,13001,8735.0,182.0,14701.0,2498.0,123.0
2022-05-28,2855,4303.0,261.0,6034.0,4274.0,11.0
2022-05-29,2049,3591.0,261.0,4969.0,4274.0,16.0
2022-05-30,1652,2453.0,261.0,3643.0,4274.0,13.0
2022-05-31,12985,7786.0,261.0,14379.0,4274.0,57.0
2022-06-01,13412,8458.0,243.0,14828.0,4518.0,78.0
2022-06-02,13351,8513.0,249.0,14933.0,4426.0,64.0
2022-06-03,12913,8520.0,193.0,14151.0,4191.0,51.0
2022-06-04,2632,4137.0,222.0,5868.0,4404.0,16.0
2022-06-05,1704,2837.0,222.0,4354.0,4404.0,12.0
2022-06-06,12330,7863.0,222.0,13727.0,4404.0,49.0
2022-06-07,12863,8321.0,233.0,14594.0,4367.0,58.0
2022-06-08,13434,8663.0,254.0,14764.0,4138.0,38.0
2022-06-09,13407,8337.0,226.0,14799.0,4397.0,48.0
2022-06-10,12698,8385.0,193.0,14180.0,3862.0,48.0
2022-06-11,2802,4292.0,233.0,5975.0,3038.0,22.0
2022-06-12,1918,3625.0,233.0,4776.0,3038.0,20.0
2022-06-13,1828,3004.0,233.0,4246.0,3038.0,13.0
2022-06-14,12488,8421.0,233.0,14413.0,3038.0,43.0
2022-06-15,13225,8683.0,228.0,14884.0,4201.0,39.0
2022-06-16,12723,8434.0,238.0,14196.0,4010.0,42.0
2022-06-17,12574,8810.0,194.0,14281.0,4069.0,44.0
2022-06-18,2948,4648.0,231.0,6328.0,3991.0,28.0
2022-06-19,1973,3308.0,231.0,5036.0,3991.0,19.0
2022-06-20,11883,8121.0,231.0,13980.0,3991.0,47.0
2022-06-21,12111,8289.0,251.0,14338.0,4000.0,52.0
2022-06-22,12441,8744.0,227.0,14611.0,3798.0,55.0
2022-06-23,12406,8506.0,244.0,14809.0,3999.0,74.0
2022-06-24,12099,7798.0,177.0,13846.0,2940.0,57.0
2022-06-25,3022,4736.0,218.0,6342.0,2678.0,21.0
2022-06-26,2032,3506.0,218.0,4891.0,2678.0,28.0
2022-06-27,11424,7787.0,218.0,13919.0,2678.0,66.0
2022-06-28,11895,8363.0,262.0,14384.0,2913.0,57.0
2022-06-29,11434,8254.0,248.0,13939.0,2642.0,49.0
2022-06-30,11479,8122.0,225.0,14257.0,1309.0,68.0
2022-07-01,10111,7288.0,160.0,12247.0,1399.0,45.0
2022-07-02,2463,4217.0,204.0,5900.0,2244.0,26.0
2022-07-03,1850,3215.0,204.0,4811.0,2244.0,22.0
2022-07-04,8969,7382.0,204.0,12245.0,2244.0,52.0
2022-07-05,9438,7927.0,213.0,12931.0,2244.0,27.0
2022-07-06,9609,7958.0,235.0,12697.0,2244.0,52.0
2022-07-07,9635,7788.0,226.0,12984.0,2244.0,72.0
2022-07-08,9344,7810.0,158.0,12178.0,2244.0,43.0
2022-07-09,2878,4941.0,217.0,5986.0,2244.0,16.0
2022-07-10,1859,3402.0,217.0,4810.0,2244.0,14.0
2022-07-11,8989,7192.0,217.0,12152.0,2244.0,46.0
2022-07-12,9556,7802.0,229.0,12924.0,2244.0,54.0
2022-07-13,9529,7873.0,226.0,12933.0,2244.0,48.0
2022-07-14,9513,7978.0,200.0,12749.0,2244.0,53.0
2022-07-15,9293,7980.0,159.0,12601.0,2244.0,45.0
2022-07-16,2823,4503.0,198.0,6346.0,2244.0,19.0
2022-07-17,2062,3396.0,198.0,4890.0,2244.0,29.0
2022-07-18,12338,7825.0,198.0,13925.0,2244.0,54.0
2022-07-19,13438,8299.0,221.0,14648.0,4620.0,58.0
2022-07-20,13322,8369.0,212.0,14852.0,4448.0,61.0
2022-07-21,12698,7583.0,188.0,14168.0,4564.0,61.0
2022-07-22,12742,8300.0,162.0,14332.0,4422.0,65.0
2022-07-23,3016,5045.0,208.0,6759.0,4763.0,30.0
2022-07-24,2133,3897.0,208.0,5351.0,4763.0,13.0
2022-07-25,12959,8398.0,208.0,14429.0,4763.0,51.0
2022-07-26,13363,8790.0,227.0,15117.0,4590.0,54.0
2022-07-27,13714,7700.0,227.0,15424.0,4499.0,60.0
2022-07-28,13634,8601.0,218.0,15277.0,4444.0,70.0
2022-07-29,13216,8693.0,178.0,14737.0,4336.0,59.0
2022-07-30,2960,5559.0,230.0,6751.0,3938.0,15.0
2022-07-31,1939,3626.0,230.0,4918.0,3938.0,18.0
2022-08-01,12972,8081.0,230.0,14630.0,3938.0,53.0
2022-08-02,14063,8847.0,241.0,15540.0,4633.0,72.0
2022-08-03,13162,8636.0,235.0,14960.0,4443.0,67.0
2022-08-04,9753,6280.0,157.0,11787.0,3258.0,58.0
2022-08-05,11957,8944.0,147.0,14679.0,1355.0,58.0
2022-08-06,2971,4809.0,224.0,6471.0,4586.0,21.0
2022-08-07,2049,3796.0,224.0,5285.0,4586.0,34.0
2022-08-08,13260,8249.0,224.0,15030.0,4586.0,66.0
2022-08-09,14080,9091.0,207.0,16697.0,4651.0,65.0
2022-08-10,14125,9218.0,193.0,16583.0,4486.0,52.0
2022-08-11,13507,8622.0,196.0,15511.0,4108.0,71.0
2022-08-12,13072,8453.0,152.0,14451.0,4094.0,44.0
2022-08-13,3097,4934.0,229.0,6808.0,4725.0,21.0
2022-08-14,2020,3445.0,229.0,5028.0,4725.0,34.0
2022-08-15,13351,8501.0,229.0,15343.0,4725.0,59.0
2022-08-16,13948,8799.0,230.0,16341.0,4461.0,46.0
2022-08-17,14023,9187.0,261.0,16260.0,4319.0,39.0
2022-08-18,12858,8812.0,223.0,15507.0,1731.0,47.0
2022-08-19,13435,9082.0,180.0,15167.0,4297.0,78.0
2022-08-20,3257,5240.0,228.0,7161.0,4394.0,19.0
2022-08-21,2075,3712.0,228.0,5306.0,4394.0,19.0
2022-08-22,13093,8338.0,228.0,15085.0,4394.0,32.0
2022-08-23,12873,8272.0,222.0,14776.0,4148.0,52.0
2022-08-24,14179,9035.0,269.0,16214.0,4414.0,67.0
2022-08-25,14093,9194.0,188.0,16142.0,4374.0,72.0
2022-08-26,13561,9302.0,177.0,15288.0,4191.0,53.0
2022-08-27,3181,5651.0,220.0,7180.0,4386.0,8.0
2022-08-28,2035,4008.0,220.0,5240.0,4386.0,22.0
2022-08-29,12670,7783.0,220.0,14208.0,4386.0,56.0
2022-08-30,14116,8863.0,225.0,15990.0,4392.0,54.0
2022-08-31,14360,8657.0,233.0,16306.0,4217.0,62.0
2022-09-01,14390,9107.0,221.0,16216.0,4235.0,38.0
2022-09-02,13829,9212.0,152.0,15371.0,4291.0,53.0
2022-09-03,3400,5289.0,246.0,7369.0,4479.0,24.0
2022-09-04,2078,3802.0,246.0,5329.0,4479.0,21.0
2022-09-05,13358,8597.0,246.0,14853.0,4479.0,81.0
2022-09-06,14002,8943.0,237.0,15814.0,4669.0,35.0
2022-09-07,14107,9135.0,266.0,15984.0,4338.0,69.0
2022-09-08,13343,8664.0,224.0,15129.0,4322.0,104.0
2022-09-09,11324,5298.0,182.0,14359.0,1154.0,56.0
2022-09-10,3258,5942.0,215.0,7065.0,4514.0,23.0
2022-09-11,2040,4185.0,215.0,5374.0,4514.0,27.0
2022-09-12,13036,8545.0,215.0,15050.0,4514.0,105.0
2022-09-13,13819,9164.0,221.0,16368.0,4359.0,59.0
2022-09-14,14148,9183.0,252.0,16085.0,4377.0,78.0
2022-09-15,13245,8425.0,173.0,15225.0,4270.0,56.0
2022-09-16,13366,9265.0,183.0,15208.0,3998.0,62.0
2022-09-17,3201,5410.0,223.0,7001.0,4288.0,21.0
2022-09-18,2108,3922.0,223.0,5466.0,4288.0,11.0
2022-09-19,13602,9159.0,223.0,15491.0,4288.0,111.0
2022-09-20,14506,9955.0,258.0,16735.0,4284.0,115.0
2022-09-21,14071,9746.0,221.0,15947.0,4199.0,50.0
2022-09-22,2171,4388.0,161.0,5727.0,2928.0,18.0
2022-09-23,13042,9011.0,161.0,14820.0,2928.0,93.0
2022-09-24,3197,5557.0,211.0,6828.0,3943.0,10.0
2022-09-25,2195,4683.0,211.0,6002.0,3943.0,19.0
2022-09-26,10515,8757.0,211.0,14394.0,3943.0,68.0
2022-09-27,10341,8520.0,227.0,14447.0,3943.0,60.0
2022-09-28,10443,8835.0,262.0,14540.0,3943.0,41.0
2022-09-29,11123,9207.0,202.0,15486.0,3943.0,57.0
2022-09-30,10526,9139.0,138.0,14264.0,3943.0,72.0
2022-10-01,3330,5908.0,219.0,7685.0,3943.0,33.0
2022-10-02,2252,4891.0,219.0,6560.0,3943.0,15.0
2022-10-03,2168,4046.0,219.0,5659.0,3943.0,13.0
2022-10-04,10872,9141.0,219.0,15168.0,3943.0,64.0
2022-10-05,9813,7663.0,252.0,13674.0,3943.0,45.0
2022-10-06,9972,8005.0,194.0,13508.0,3943.0,62.0
2022-10-07,9081,7982.0,176.0,12660.0,3943.0,52.0
2022-10-08,3193,5198.0,254.0,6824.0,3943.0,23.0
2022-10-09,2154,3826.0,254.0,5430.0,3943.0,16.0
2022-10-10,14114,9377.0,254.0,16357.0,3943.0,134.0
2022-10-11,14689,9787.0,245.0,17261.0,4652.0,78.0
2022-10-12,15012,10006.0,278.0,17394.0,4617.0,63.0
2022-10-13,15019,9623.0,240.0,17206.0,4386.0,94.0
2022-10-14,14044,9443.0,185.0,16075.0,4122.0,109.0
2022-10-15,3635,5750.0,244.0,8070.0,4754.0,11.0
2022-10-16,2320,4285.0,244.0,6017.0,4754.0,17.0
2022-10-17,14247,9179.0,244.0,15913.0,4754.0,78.0
2022-10-18,14898,9639.0,268.0,17225.0,4795.0,68.0
2022-10-19,15004,9893.0,271.0,17401.0,4520.0,144.0
2022-10-20,15110,9605.0,244.0,17024.0,4531.0,113.0
2022-10-21,13653,9277.0,190.0,15335.0,4210.0,127.0
2022-10-22,2859,4365.0,282.0,6086.0,4451.0,16.0
2022-10-23,2191,3992.0,282.0,5284.0,4451.0,9.0
2022-10-24,13910,8787.0,282.0,15422.0,4451.0,85.0
2022-10-25,15055,9619.0,248.0,17153.0,4420.0,82.0
2022-10-26,14973,9509.0,276.0,17188.0,4285.0,112.0
2022-10-27,14997,9650.0,255.0,16857.0,4129.0,63.0
2022-10-28,12670,9420.0,188.0,15280.0,2969.0,55.0
2022-10-29,3582,6057.0,223.0,7179.0,3631.0,16.0
2022-10-30,2259,4171.0,223.0,5454.0,3631.0,14.0
2022-10-31,12206,7602.0,223.0,13638.0,3631.0,39.0
2022-11-01,13821,8648.0,209.0,15268.0,4045.0,59.0
2022-11-02,14923,9251.0,292.0,16548.0,4134.0,90.0
2022-11-03,14796,9131.0,232.0,16373.0,4190.0,88.0
2022-11-04,14653,9360.0,176.0,15852.0,3994.0,80.0
2022-11-05,3531,5568.0,257.0,7541.0,3988.0,34.0
2022-11-06,2285,4208.0,257.0,5560.0,3988.0,44.0
2022-11-07,13382,8603.0,257.0,15154.0,3988.0,75.0
2022-11-08,15211,9628.0,263.0,16764.0,4334.0,72.0
2022-11-09,15356,9747.0,284.0,16491.0,4341.0,71.0
2022-11-10,15156,9612.0,246.0,16799.0,4229.0,91.0
2022-11-11,14462,9657.0,209.0,16327.0,3927.0,54.0
2022-11-12,3516,5607.0,271.0,7747.0,4.0,22.0
2022-11-13,1869,3197.0,271.0,4669.0,4.0,19.0
2022-11-14,13895,8761.0,271.0,15661.0,4206.0,54.0
2022-11-15,14825,9797.0,261.0,16820.0,4113.0,71.0
2022-11-16,14257,9527.0,281.0,16565.0,4184.0,98.0
2022-11-17,14939,9916.0,227.0,16962.0,4006.0,62.0
2022-11-18,14192,9730.0,179.0,16351.0,3768.0,60.0
2022-11-19,3736,5573.0,264.0,7765.0,3993.0,32.0
2022-11-20,2384,4102.0,264.0,5694.0,3993.0,34.0
2022-11-21,12993,8862.0,264.0,15055.0,3993.0,72.0
2022-11-22,14214,9565.0,263.0,16618.0,4049.0,104.0
2022-11-24,14678,9684.0,232.0,16618.0,3827.0,94.0
2022-11-25,14427,9851.0,169.0,17155.0,3529.0,73.0
2022-11-26,4063,9014.0,225.0,8471.0,2669.0,26.0
2022-11-27,2534,4322.0,225.0,6253.0,2669.0,21.0
2022-11-28,12610,9002.0,225.0,15471.0,2669.0,53.0
2022-11-29,14534,9800.0,249.0,16362.0,3665.0,50.0
2022-11-30,14266,9665.0,248.0,16658.0,3458.0,60.0
2022-12-01,14039,9654.0,228.0,16573.0,3421.0,51.0
2022-12-02,13977,10088.0,199.0,15873.0,2973.0,62.0
2022-12-03,3769,5702.0,259.0,8372.0,2872.0,49.0
2022-12-04,2481,4081.0,259.0,5865.0,2872.0,19.0
2022-12-05,13053,9071.0,259.0,15430.0,2872.0,63.0
2022-12-06,14281,9948.0,269.0,16941.0,2811.0,42.0
2022-12-07,14224,10015.0,268.0,16799.0,2268.0,72.0
2022-12-08,13725,10083.0,257.0,16396.0,2039.0,54.0
2022-12-09,13394,10098.0,188.0,15472.0,1654.0,64.0
2022-12-10,3687,6170.0,230.0,7773.0,542.0,26.0
2022-12-11,2424,4662.0,230.0,5876.0,542.0,24.0
2022-12-12,10669,7677.0,230.0,13056.0,542.0,74.0
2022-12-13,13215,9540.0,242.0,16023.0,882.0,66.0
2022-12-14,12828,9451.0,277.0,15889.0,679.0,70.0
2022-12-15,12969,9599.0,215.0,16001.0,695.0,59.0
2022-12-16,12338,9598.0,175.0,15433.0,409.0,60.0
2022-12-17,3708,5759.0,184.0,7436.0,483.0,33.0
2022-12-18,2487,4070.0,184.0,5647.0,483.0,35.0
2022-12-19,10284,7898.0,184.0,13242.0,483.0,48.0
2022-12-20,10832,8308.0,221.0,13925.0,483.0,46.0
2022-12-21,10564,7884.0,197.0,13303.0,483.0,68.0
2022-12-22,9127,6749.0,150.0,11528.0,483.0,73.0
2022-12-23,8636,6882.0,60.0,10697.0,483.0,45.0
2022-12-24,2789,3713.0,20.0,5451.0,483.0,8.0
2022-12-25,268,1026.0,20.0,555.0,483.0,10.0
2022-12-26,1996,3517.0,20.0,5276.0,483.0,10.0
2022-12-27,2355,3301.0,20.0,4917.0,483.0,10.0
2022-12-28,5505,4082.0,20.0,6369.0,483.0,41.0
2022-12-29,5431,3887.0,18.0,6497.0,483.0,66.0
2022-12-30,6087,4489.0,17.0,6931.0,483.0,34.0
2022-12-31,2897,4459.0,100.0,5731.0,483.0,22.0
2023-01-01,1364,2406.0,100.0,3178.0,483.0,4.0
2023-01-02,2239,2842.0,100.0,4541.0,483.0,16.0
2023-01-03,8061,5998.0,100.0,10227.0,483.0,45.0
2023-01-04,8322,5964.0,140.0,10293.0,483.0,32.0
2023-01-05,8541,7632.0,141.0,11050.0,483.0,42.0
2023-01-06,8728,8728.0,119.0,11240.0,483.0,74.0
2023-01-07,3298,7452.0,226.0,6637.0,483.0,45.0
2023-01-08,2299,4248.0,226.0,5101.0,483.0,33.0
2023-01-09,9863,7632.0,226.0,13141.0,483.0,44.0
2023-01-10,10552,8025.0,254.0,13727.0,483.0,50.0
2023-01-11,10536,8347.0,223.0,14072.0,483.0,48.0
2023-01-12,10638,7976.0,212.0,13777.0,483.0,69.0
2023-01-13,10558,8270.0,188.0,13371.0,483.0,43.0
2023-01-14,3478,5057.0,251.0,7041.0,483.0,15.0
2023-01-15,2192,3590.0,251.0,5281.0,483.0,19.0
2023-01-16,11079,7737.0,251.0,14190.0,483.0,48.0
2023-01-17,11574,8730.0,275.0,15009.0,483.0,59.0
2023-01-18,11246,8489.0,278.0,14409.0,483.0,70.0
2023-01-19,11337,8671.0,262.0,14881.0,483.0,66.0
2023-01-20,11236,8943.0,200.0,14207.0,483.0,64.0
2023-01-21,3561,6983.0,258.0,7272.0,483.0,25.0
2023-01-22,2196,3969.0,258.0,5130.0,483.0,13.0
2023-01-23,10852,8339.0,258.0,14102.0,483.0,64.0
2023-01-24,11675,8849.0,276.0,15200.0,483.0,60.0
2023-01-25,11963,9123.0,261.0,15513.0,483.0,62.0
2023-01-26,2333,4119.0,154.0,5938.0,483.0,13.0
2023-01-27,10366,7877.0,154.0,13248.0,483.0,54.0
2023-01-28,3455,4915.0,226.0,7531.0,483.0,21.0
2023-01-29,2226,3553.0,226.0,5147.0,483.0,21.0
2023-01-30,10872,8496.0,226.0,14615.0,483.0,48.0
2023-01-31,15316,10196.0,297.0,17918.0,3664.0,54.0
2023-02-01,16147,10628.0,334.0,18877.0,5774.0,59.0
2023-02-02,15814,10464.0,324.0,18290.0,5995.0,82.0
2023-02-03,15774,10575.0,258.0,17906.0,5667.0,64.0
2023-02-04,3792,5316.0,307.0,7711.0,5868.0,20.0
2023-02-05,2470,4481.0,307.0,6197.0,5868.0,22.0
2023-02-07,16880,11128.0,346.0,20140.0,6132.0,127.0
2023-02-08,16614,10940.0,336.0,19728.0,5921.0,144.0
2023-02-09,15166,9802.0,264.0,17773.0,5120.0,123.0
2023-02-10,16131,11455.0,255.0,18920.0,5366.0,118.0
2023-02-11,3940,6141.0,342.0,8266.0,5460.0,12.0
2023-02-12,2507,4680.0,342.0,6310.0,5460.0,22.0
2023-02-13,16429,10544.0,342.0,18785.0,5460.0,116.0
2023-02-14,16964,11844.0,363.0,20612.0,5803.0,80.0
2023-02-15,17335,11438.0,338.0,20661.0,5694.0,108.0
2023-02-16,17090,11327.0,292.0,20321.0,5753.0,117.0
2023-02-17,16365,13887.0,252.0,20392.0,5262.0,94.0
2023-02-18,4453,12927.0,334.0,11591.0,5439.0,17.0
2023-02-19,2750,7532.0,334.0,8097.0,5439.0,17.0
2023-02-20,16230,11061.0,334.0,19905.0,5439.0,72.0
2023-02-21,16095,10856.0,326.0,20261.0,4967.0,69.0
2023-02-22,17698,11639.0,381.0,21325.0,5154.0,100.0
2023-02-23,16954,11357.0,323.0,21285.0,5182.0,120.0
2023-02-24,16736,12125.0,271.0,20324.0,5107.0,94.0
2023-02-25,4194,8074.0,312.0,8817.0,5672.0,36.0
2023-02-26,2481,5640.0,312.0,6881.0,5672.0,21.0
2023-02-27,16775,10728.0,312.0,19631.0,5672.0,71.0
2023-02-28,15837,11516.0,351.0,20528.0,2345.0,84.0
2023-03-01,17387,11627.0,362.0,21753.0,5544.0,108.0
2023-03-03,16583,11200.0,269.0,19885.0,5013.0,77.0
2023-03-04,4103,6483.0,366.0,9145.0,13.0,22.0
2023-03-05,2729,4356.0,366.0,6234.0,5550.0,23.0
2023-03-06,16371,11064.0,366.0,19576.0,5550.0,101.0
2023-03-07,17674,11859.0,364.0,21560.0,5700.0,91.0
2023-03-08,17243,11910.0,389.0,21503.0,5175.0,94.0
2023-03-09,17194,11597.0,320.0,21456.0,5199.0,123.0
2023-03-10,16384,11381.0,238.0,20144.0,4708.0,72.0
2023-03-11,4137,6701.0,355.0,9370.0,9.0,19.0
2023-03-12,2607,5029.0,355.0,7004.0,5625.0,14.0
2023-03-13,2663,4465.0,355.0,6395.0,5625.0,8.0
2023-03-14,17223,11618.0,355.0,20989.0,5625.0,73.0
2023-03-15,17500,11811.0,383.0,21486.0,5634.0,119.0
2023-03-16,17731,11437.0,266.0,21334.0,5628.0,115.0
2023-03-17,16931,11798.0,294.0,19999.0,5299.0,105.0
2023-03-18,4108,6610.0,345.0,9131.0,5551.0,14.0
2023-03-19,2435,4340.0,345.0,6227.0,5551.0,15.0
2023-03-20,16522,10963.0,345.0,19721.0,5551.0,65.0
2023-03-21,17106,11542.0,373.0,20971.0,5703.0,72.0
2023-03-22,17377,11267.0,365.0,20932.0,5406.0,87.0
2023-03-23,15800,10808.0,345.0,19233.0,5413.0,100.0
2023-03-24,16465,11110.0,281.0,19704.0,5200.0,76.0
2023-03-25,3687,5699.0,346.0,7796.0,5409.0,11.0
2023-03-26,2624,4212.0,346.0,6383.0,5409.0,18.0
2023-03-27,15510,10639.0,346.0,18806.0,5409.0,71.0
2023-03-28,16337,10720.0,385.0,20215.0,5432.0,69.0
2023-03-29,15149,10538.0,346.0,18834.0,5110.0,86.0
2023-03-30,16112,11302.0,313.0,19714.0,4964.0,66.0
2023-03-31,15474,10997.0,264.0,19069.0,4840.0,61.0
2023-04-01,4092,5835.0,372.0,8656.0,4956.0,28.0
2023-04-02,2523,4367.0,372.0,6804.0,4956.0,15.0
2023-04-03,16101,10146.0,372.0,18204.0,4956.0,68.0
2023-04-04,16922,10937.0,340.0,19485.0,5398.0,79.0
2023-04-05,16759,10913.0,355.0,19340.0,4987.0,84.0
2023-04-06,15478,10385.0,258.0,18318.0,4393.0,78.0
2023-04-07,1146,2347.0,292.0,3058.0,1945.0,11.0
2023-04-08,3311,5053.0,292.0,6769.0,1945.0,19.0
2023-04-09,1975,3692.0,292.0,5264.0,1945.0,11.0
2023-04-10,2417,3853.0,292.0,5766.0,1945.0,21.0
2023-04-11,11880,9258.0,292.0,16829.0,1945.0,49.0
2023-04-12,11439,8952.0,304.0,16302.0,1945.0,49.0
2023-04-13,11910,9464.0,324.0,16443.0,1945.0,57.0
2023-04-14,11464,9419.0,261.0,15882.0,1945.0,60.0
2023-04-15,3868,5739.0,329.0,7922.0,1945.0,24.0
2023-04-16,2234,3731.0,329.0,5454.0,1945.0,18.0
2023-04-17,11622,9407.0,329.0,16589.0,1945.0,61.0
2023-04-18,12530,10259.0,378.0,18402.0,1945.0,71.0
2023-04-19,12722,10390.0,357.0,18357.0,1945.0,84.0
2023-04-20,12443,10295.0,328.0,17890.0,1945.0,80.0
2023-04-21,11993,9988.0,254.0,16913.0,1945.0,72.0
2023-04-22,3796,6505.0,232.0,8581.0,1945.0,14.0
2023-04-23,2498,6572.0,232.0,6513.0,1945.0,14.0
2023-04-24,13698,9132.0,232.0,16254.0,1945.0,61.0
2023-04-25,2420,4047.0,358.0,5898.0,5566.0,14.0
2023-04-26,17301,11169.0,358.0,20868.0,5566.0,94.0
2023-04-27,16872,11389.0,362.0,20509.0,5453.0,101.0
2023-04-28,16250,10883.0,287.0,19003.0,5330.0,110.0
2023-04-29,3499,5626.0,327.0,7487.0,5447.0,31.0
2023-04-30,1843,3261.0,327.0,4842.0,5447.0,11.0
2023-05-01,15828,10402.0,327.0,18694.0,5447.0,73.0
2023-05-02,16492,11321.0,419.0,20342.0,5357.0,78.0
2023-05-03,16117,10940.0,417.0,19717.0,5204.0,82.0
2023-05-04,16502,11026.0,351.0,19604.0,5281.0,91.0
2023-05-05,15523,10625.0,274.0,18453.0,4759.0,81.0
2023-05-06,3845,6139.0,364.0,8120.0,5228.0,20.0
2023-05-07,2010,3260.0,364.0,4904.0,5228.0,18.0
2023-05-08,15421,10329.0,364.0,18340.0,5228.0,49.0
2023-05-09,16463,11195.0,398.0,19820.0,5055.0,63.0
2023-05-10,16416,11133.0,397.0,19592.0,4878.0,78.0
2023-05-11,16353,10707.0,334.0,19483.0,4807.0,102.0
2023-05-12,15799,11026.0,256.0,18641.0,4859.0,83.0
2023-05-13,3988,6036.0,373.0,8328.0,5000.0,24.0
2023-05-14,2212,4302.0,373.0,6208.0,5000.0,18.0
2023-05-15,15462,10191.0,373.0,18451.0,5000.0,82.0
2023-05-16,16229,11175.0,421.0,19552.0,5001.0,54.0
2023-05-17,16175,11031.0,404.0,19560.0,4910.0,93.0
2023-05-18,16171,11091.0,335.0,19269.0,5070.0,118.0
2023-05-19,15563,10628.0,287.0,18360.0,4607.0,87.0
2023-05-20,3846,5946.0,386.0,7858.0,4902.0,19.0
2023-05-21,2441,4214.0,386.0,6279.0,4902.0,15.0
2023-05-22,15536,10275.0,386.0,18284.0,4902.0,61.0
2023-05-23,15907,10702.0,395.0,19183.0,4756.0,62.0
2023-05-24,15945,10982.0,373.0,19285.0,4931.0,61.0
2023-05-25,12032,10241.0,300.0,15122.0,4884.0,56.0
2023-05-26,15122,10315.0,255.0,17572.0,4608.0,70.0
2023-05-27,3704,5533.0,376.0,7544.0,4865.0,12.0
2023-05-28,2215,4789.0,376.0,5996.0,4865.0,16.0
2023-05-29,2369,3698.0,376.0,5494.0,4865.0,17.0
2023-05-30,15801,10513.0,376.0,18686.0,4865.0,63.0
2023-05-31,15635,10279.0,405.0,18394.0,4684.0,69.0
2023-06-01,15850,10345.0,334.0,18390.0,4821.0,91.0
2023-06-02,15276,10321.0,282.0,17779.0,4674.0,78.0
2023-06-03,3689,5536.0,368.0,7573.0,4.0,21.0
2023-06-04,2317,4011.0,368.0,5786.0,5113.0,13.0
2023-06-05,14933,9862.0,368.0,17463.0,5113.0,50.0
2023-06-06,15624,10409.0,376.0,18010.0,4978.0,69.0
2023-06-07,16016,10469.0,398.0,18380.0,4793.0,76.0
2023-06-08,14391,9346.0,296.0,16643.0,4691.0,73.0
2023-06-09,15029,10092.0,263.0,17269.0,4393.0,74.0
2023-06-10,3736,5793.0,390.0,7739.0,4643.0,16.0
2023-06-11,2543,4608.0,390.0,6010.0,4643.0,20.0
2023-06-12,2280,3635.0,390.0,5382.0,4643.0,14.0
2023-06-13,14893,10108.0,390.0,17550.0,4643.0,66.0
2023-06-14,15556,10578.0,355.0,18604.0,4687.0,90.0
2023-06-15,15314,11367.0,367.0,18266.0,4364.0,76.0
2023-06-16,14424,10477.0,284.0,17591.0,4425.0,64.0
2023-06-17,3861,5745.0,348.0,7858.0,4443.0,64.0
2023-06-18,2206,4128.0,348.0,5846.0,4443.0,18.0
2023-06-19,13656,9160.0,348.0,16289.0,4443.0,71.0
2023-06-20,14437,10093.0,376.0,17790.0,4252.0,92.0
2023-06-21,14311,10246.0,359.0,17588.0,4011.0,87.0
2023-06-22,14273,9779.0,302.0,17029.0,4072.0,121.0
2023-06-23,13580,9657.0,290.0,15701.0,3794.0,70.0
2023-06-24,3687,5589.0,322.0,7355.0,2924.0,29.0
2023-06-25,2380,4256.0,322.0,5770.0,2924.0,24.0
2023-06-26,12935,9282.0,322.0,16301.0,2924.0,67.0
2023-06-27,13366,9859.0,357.0,17289.0,2837.0,71.0
2023-06-28,12261,9066.0,350.0,15805.0,2574.0,68.0
2023-06-29,13625,9479.0,298.0,16902.0,2557.0,65.0
2023-06-30,12504,9633.0,273.0,16163.0,2096.0,52.0
2023-07-01,3681,5526.0,323.0,8276.0,2033.0,17.0
2023-07-02,2388,4198.0,323.0,6399.0,2033.0,58.0
2023-07-03,10990,9004.0,323.0,15119.0,2033.0,61.0
2023-07-04,10995,8859.0,343.0,15424.0,2033.0,61.0
2023-07-05,11548,9408.0,358.0,15663.0,2033.0,53.0
2023-07-06,11291,9204.0,302.0,15537.0,2033.0,60.0
2023-07-07,10835,9020.0,205.0,14696.0,2033.0,68.0
2023-07-08,3336,4532.0,302.0,6482.0,2033.0,16.0
2023-07-09,2186,4229.0,302.0,5843.0,2033.0,24.0
2023-07-10,10806,8737.0,302.0,15269.0,2033.0,60.0
2023-07-11,11689,9680.0,309.0,16250.0,2033.0,49.0
2023-07-12,11725,9846.0,348.0,16297.0,2033.0,49.0
2023-07-13,11556,9933.0,312.0,16001.0,2033.0,52.0
2023-07-14,11554,9883.0,225.0,15609.0,2033.0,67.0
2023-07-15,3798,5925.0,383.0,8036.0,2033.0,17.0
2023-07-16,2532,4481.0,383.0,6468.0,2033.0,21.0
2023-07-17,14797,10018.0,383.0,17549.0,2033.0,87.0
2023-07-18,15884,10685.0,367.0,18317.0,4883.0,95.0
2023-07-19,15669,10790.0,380.0,18916.0,5000.0,98.0
2023-07-20,15696,10831.0,340.0,18860.0,4967.0,100.0
2023-07-22,4049,6498.0,362.0,8846.0,4795.0,25.0
2023-07-23,2687,4929.0,362.0,7061.0,4795.0,21.0
2023-07-24,16262,11164.0,362.0,19238.0,4795.0,93.0
2023-07-25,16479,11744.0,311.0,20257.0,4854.0,87.0
2023-07-26,16680,11726.0,347.0,20438.0,4738.0,99.0
2023-07-27,16528,11498.0,309.0,19857.0,4836.0,116.0
2023-07-28,15294,10730.0,262.0,18223.0,4694.0,77.0
2023-07-29,3889,6929.0,386.0,8827.0,4862.0,12.0
2023-07-30,2694,5370.0,386.0,6621.0,4862.0,18.0
2023-07-31,15938,10820.0,386.0,19660.0,4862.0,84.0
2023-08-01,16569,11912.0,375.0,21015.0,4888.0,82.0
2023-08-02,16567,11589.0,367.0,20965.0,4713.0,102.0
2023-08-03,16472,11773.0,320.0,20434.0,4769.0,113.0
2023-08-04,16092,11230.0,255.0,19419.0,4695.0,78.0
2023-08-05,4155,6994.0,330.0,8851.0,4755.0,22.0
2023-08-06,2544,5047.0,330.0,6831.0,4755.0,25.0
2023-08-07,15879,10904.0,330.0,19511.0,4755.0,71.0
2023-08-08,16636,11895.0,405.0,21512.0,3997.0,94.0
2023-08-10,16090,11395.0,347.0,20162.0,4652.0,95.0
2023-08-11,15810,11057.0,262.0,19274.0,4372.0,84.0
2023-08-12,4025,6142.0,378.0,8473.0,4492.0,25.0
2023-08-13,2448,4337.0,378.0,5949.0,4492.0,23.0
2023-08-14,15304,10222.0,378.0,19000.0,4492.0,81.0
2023-08-15,16373,11618.0,369.0,21095.0,4738.0,89.0
2023-08-16,16791,11800.0,387.0,20936.0,4684.0,113.0
2023-08-17,15096,11170.0,343.0,19353.0,1922.0,106.0
2023-08-18,15409,10825.0,260.0,18974.0,4402.0,92.0
2023-08-19,4021,6110.0,364.0,8416.0,4704.0,21.0
2023-08-20,2738,4605.0,364.0,6663.0,4704.0,54.0
2023-08-22,16136,11369.0,356.0,20456.0,4731.0,72.0
2023-08-23,16494,11475.0,418.0,20848.0,4581.0,87.0
2023-08-24,16419,11475.0,344.0,20303.0,4587.0,105.0
2023-08-25,15613,11094.0,296.0,19360.0,4445.0,74.0
2023-08-26,4105,7011.0,371.0,8653.0,4730.0,13.0
2023-08-27,2718,4322.0,371.0,6499.0,4730.0,51.0
2023-08-28,15475,10479.0,371.0,18701.0,4730.0,70.0
2023-08-29,16332,11502.0,395.0,20819.0,4718.0,90.0
2023-08-30,16457,11148.0,385.0,20283.0,4678.0,91.0
2023-08-31,16478,11316.0,294.0,20284.0,4801.0,86.0
2023-09-01,15896,11184.0,276.0,19307.0,4443.0,67.0
2023-09-02,3959,6385.0,332.0,9125.0,4847.0,13.0
2023-09-03,2449,4609.0,332.0,6658.0,4847.0,26.0
2023-09-04,15376,10187.0,332.0,18262.0,4847.0,60.0
2023-09-05,15995,10805.0,387.0,20085.0,4808.0,61.0
2023-09-06,16283,10969.0,407.0,20143.0,4696.0,81.0
2023-09-07,15871,10476.0,310.0,19018.0,4607.0,69.0
2023-09-08,14429,10162.0,240.0,17486.0,4327.0,63.0
2023-09-09,3776,6678.0,346.0,8247.0,4823.0,20.0
2023-09-10,2654,4737.0,346.0,6379.0,4823.0,68.0
2023-09-11,15265,10162.0,346.0,18713.0,4823.0,74.0
2023-09-12,16225,10752.0,370.0,20100.0,4952.0,91.0
2023-09-13,16428,11052.0,358.0,19750.0,4760.0,75.0
2023-09-14,16073,10802.0,317.0,19564.0,4777.0,106.0
2023-09-15,15499,10671.0,267.0,18421.0,4519.0,61.0
2023-09-16,4245,7021.0,381.0,9361.0,4805.0,23.0
2023-09-17,2709,5108.0,381.0,7813.0,4805.0,23.0
2023-09-18,15571,10509.0,381.0,18959.0,4805.0,57.0
2023-09-19,16511,11677.0,357.0,20607.0,4863.0,75.0
2023-09-20,16498,11686.0,368.0,20735.0,4701.0,69.0
2023-09-21,16326,11740.0,314.0,20496.0,4733.0,81.0
2023-09-22,15586,11462.0,268.0,19346.0,3798.0,51.0
2023-09-23,4117,7197.0,314.0,9681.0,4494.0,29.0
2023-09-24,2693,5301.0,314.0,7276.0,4494.0,31.0
2023-09-25,12217,10407.0,314.0,17834.0,4494.0,36.0
2023-09-26,12828,11047.0,324.0,18995.0,4494.0,61.0
2023-09-27,13072,11190.0,322.0,19284.0,4494.0,50.0
2023-09-28,12856,11739.0,275.0,19070.0,4494.0,56.0
2023-09-29,11992,11516.0,235.0,17648.0,4494.0,69.0
2023-09-30,4072,7268.0,307.0,9330.0,4494.0,92.0
2023-10-01,2705,5627.0,307.0,7399.0,4494.0,21.0
2023-10-02,2511,4697.0,307.0,6450.0,4494.0,20.0
2023-10-03,12225,10204.0,307.0,17980.0,4494.0,63.0
2023-10-04,11306,9133.0,332.0,16024.0,4494.0,64.0
2023-10-05,12733,10257.0,312.0,17789.0,4494.0,54.0
2023-10-06,12318,10541.0,260.0,17366.0,4494.0,61.0
2023-10-07,4077,6830.0,330.0,8725.0,4494.0,14.0
2023-10-08,2741,4863.0,330.0,6946.0,4494.0,13.0
2023-10-09,16351,10568.0,330.0,19222.0,4494.0,71.0
2023-10-10,16811,11939.0,388.0,21002.0,5082.0,67.0
2023-10-11,17232,11611.0,354.0,21004.0,5297.0,84.0
2023-10-12,16645,10955.0,318.0,19732.0,5263.0,88.0
2023-10-13,16430,11369.0,260.0,19439.0,4977.0,68.0
2023-10-14,4396,6369.0,338.0,8993.0,5125.0,84.0
2023-10-15,2733,4674.0,338.0,6635.0,5125.0,12.0
2023-10-16,15484,9830.0,338.0,18415.0,5125.0,83.0
2023-10-17,17365,11255.0,378.0,20596.0,5139.0,105.0
2023-10-18,17130,11051.0,384.0,20557.0,5272.0,77.0
2023-10-19,16900,11259.0,308.0,19761.0,5074.0,102.0
2023-10-20,16409,11289.0,276.0,19301.0,4789.0,82.0
2023-10-21,4420,6739.0,331.0,8622.0,5266.0,22.0
2023-10-22,2698,4627.0,331.0,6518.0,5266.0,20.0
2023-10-23,15954,10448.0,331.0,18810.0,5266.0,65.0
2023-10-24,16885,10819.0,404.0,19566.0,5203.0,61.0
2023-10-25,16581,11075.0,363.0,19813.0,5140.0,60.0
2023-10-26,16819,10938.0,324.0,19802.0,5116.0,81.0
2023-10-27,16154,10881.0,235.0,18718.0,4686.0,85.0
2023-10-28,4339,6542.0,302.0,8932.0,5207.0,22.0
2023-10-29,2704,4952.0,302.0,6408.0,5207.0,23.0
2023-10-30,15786,9942.0,302.0,17728.0,5207.0,59.0
2023-10-31,16627,10852.0,325.0,19294.0,5172.0,56.0
2023-11-01,15949,10451.0,341.0,19032.0,5006.0,74.0
2023-11-02,16156,9339.0,278.0,18770.0,4909.0,73.0
2023-11-03,16077,10796.0,259.0,18509.0,4585.0,70.0
2023-11-04,4057,5780.0,336.0,8807.0,5186.0,26.0
2023-11-05,2559,4430.0,336.0,6221.0,5186.0,20.0
2023-11-06,15943,10252.0,336.0,18670.0,5186.0,61.0
2023-11-07,16539,10869.0,316.0,19710.0,5143.0,66.0
2023-11-08,16467,11024.0,362.0,19855.0,4996.0,76.0
2023-11-09,15411,10537.0,330.0,18351.0,4814.0,78.0
2023-11-11,4154,6325.0,50.0,8797.0,1124.0,17.0
2023-11-12,2788,4381.0,50.0,6498.0,1124.0,24.0
2023-11-13,3406,12088.0,50.0,5273.0,1124.0,22.0
2023-11-14,16134,10950.0,363.0,19270.0,4862.0,84.0
2023-11-15,16271,10494.0,362.0,19149.0,4833.0,65.0
2023-11-16,16244,10551.0,322.0,19043.0,4824.0,79.0
2023-11-17,15668,10600.0,252.0,18380.0,4572.0,67.0
2023-11-18,4319,6477.0,347.0,8941.0,4627.0,31.0
2023-11-19,2852,4704.0,347.0,6737.0,4627.0,20.0
2023-11-20,14682,9474.0,347.0,16823.0,4627.0,43.0
2023-11-21,15993,10937.0,357.0,18900.0,4914.0,92.0
2023-11-22,15962,10907.0,361.0,19041.0,4636.0,67.0
2023-11-23,15893,10650.0,317.0,18928.0,4526.0,77.0
2023-11-24,14997,10483.0,258.0,18507.0,4237.0,80.0
2023-11-25,4233,6813.0,380.0,8613.0,4383.0,32.0
2023-11-26,2970,4847.0,380.0,7236.0,4383.0,19.0
2023-11-27,15215,10129.0,380.0,17883.0,4383.0,67.0
2023-11-28,14519,9879.0,343.0,17483.0,4296.0,65.0
2023-11-29,12696,8960.0,327.0,15477.0,3405.0,54.0
2023-11-30,15365,10535.0,327.0,18023.0,3973.0,77.0
2023-12-01,14811,10733.0,253.0,17504.0,3629.0,73.0
2023-12-02,4082,6050.0,354.0,8568.0,3425.0,24.0
2023-12-03,2808,4708.0,354.0,6475.0,3425.0,21.0
2023-12-04,14820,10167.0,354.0,17748.0,3425.0,51.0
2023-12-05,15170,10810.0,362.0,18459.0,3042.0,66.0
2023-12-06,15000,10888.0,365.0,18112.0,2584.0,63.0
2023-12-07,15093,10909.0,320.0,17845.0,2524.0,88.0
2023-12-08,14296,10697.0,245.0,17018.0,1522.0,68.0
2023-12-09,4016,6021.0,347.0,7978.0,1032.0,10.0
2023-12-10,2825,4910.0,347.0,6406.0,1032.0,17.0
2023-12-11,13863,9607.0,347.0,16725.0,1032.0,50.0
2023-12-12,14886,10356.0,352.0,17925.0,1057.0,89.0
2023-12-13,14323,10425.0,337.0,17795.0,899.0,69.0
2023-12-14,14324,10223.0,304.0,17282.0,771.0,59.0
2023-12-15,13820,10948.0,210.0,16933.0,593.0,55.0
2023-12-16,4165,6135.0,308.0,8411.0,42.0,14.0
2023-12-17,2748,4329.0,308.0,6366.0,42.0,21.0
2023-12-18,11669,8395.0,308.0,14960.0,42.0,60.0
2023-12-19,11172,8393.0,285.0,14440.0,42.0,55.0
2023-12-20,10974,7946.0,265.0,14248.0,42.0,58.0
2023-12-21,11612,8381.0,245.0,14129.0,42.0,80.0
2023-12-22,10210,8151.0,103.0,12763.0,42.0,54.0
2023-12-23,3836,4871.0,28.0,6909.0,42.0,19.0
2023-12-24,2298,3487.0,28.0,4827.0,42.0,12.0
2023-12-25,315,1028.0,28.0,759.0,42.0,13.0
2023-12-26,2375,3845.0,28.0,5868.0,42.0,13.0
2023-12-27,5809,4327.0,28.0,7040.0,42.0,30.0
2023-12-28,6486,4876.0,21.0,7742.0,42.0,43.0
2023-12-29,6889,5020.0,22.0,7867.0,42.0,33.0
2023-12-30,3580,4356.0,182.0,6425.0,42.0,18.0
2023-12-31,2389,4620.0,182.0,5641.0,42.0,8.0
2024-01-01,1481,2740.0,182.0,3308.0,42.0,6.0
2024-01-02,8080,5927.0,182.0,10283.0,42.0,41.0
2024-01-03,9006,6499.0,196.0,11081.0,42.0,46.0
2024-01-04,8856,7678.0,175.0,10983.0,42.0,48.0
2024-01-05,9662,9746.0,146.0,11635.0,42.0,116.0
2024-01-06,3772,8419.0,248.0,6935.0,42.0,24.0
2024-01-07,2504,4610.0,248.0,5468.0,42.0,28.0
2024-01-08,9753,7324.0,248.0,12716.0,42.0,59.0
2024-01-09,11248,8832.0,317.0,14783.0,42.0,57.0
2024-01-10,11414,8630.0,293.0,14783.0,42.0,64.0
2024-01-11,11477,8637.0,262.0,14897.0,42.0,63.0
2024-01-12,11183,8741.0,215.0,14127.0,42.0,119.0
2024-01-13,3537,4717.0,332.0,6425.0,42.0,20.0
2024-01-14,2573,4084.0,332.0,5643.0,42.0,17.0
2024-01-15,11249,8376.0,332.0,14407.0,42.0,49.0
2024-01-16,11999,9403.0,363.0,15236.0,42.0,73.0
2024-01-17,11095,8629.0,320.0,14569.0,42.0,63.0
2024-01-18,12049,9418.0,302.0,15595.0,42.0,77.0
2024-01-19,11979,9532.0,259.0,15004.0,42.0,76.0
2024-01-20,4044,5834.0,333.0,7458.0,42.0,26.0
2024-01-21,2618,4153.0,333.0,5880.0,42.0,18.0
2024-01-22,12072,9019.0,333.0,15175.0,42.0,81.0
2024-01-23,12497,9542.0,356.0,15626.0,42.0,64.0
2024-01-24,12502,9667.0,331.0,15883.0,42.0,71.0
2024-01-25,12196,9485.0,273.0,16331.0,42.0,76.0
2024-01-26,2891,5593.0,311.0,7065.0,42.0,19.0
2024-01-27,4095,6110.0,311.0,8694.0,42.0,21.0
2024-01-28,2723,4251.0,311.0,5870.0,42.0,21.0
2024-01-29,13054,9140.0,311.0,15966.0,42.0,52.0
2024-01-30,14620,9978.0,369.0,17664.0,170.0,72.0
2024-01-31,16769,10269.0,368.0,18505.0,2300.0,71.0
2024-02-01,17873,10488.0,352.0,18306.0,4558.0,71.0
2024-02-02,16882,10194.0,310.0,17639.0,4474.0,77.0
2024-02-03,4324,5584.0,350.0,8276.0,4819.0,19.0
2024-02-04,2783,4296.0,350.0,6135.0,4819.0,22.0
2024-02-05,16684,9629.0,350.0,18049.0,4819.0,99.0
2024-02-06,18520,11127.0,379.0,20624.0,6550.0,77.0
2024-02-07,18667,11522.0,406.0,21230.0,6756.0,88.0
2024-02-08,19037,11559.0,351.0,20647.0,6343.0,123.0
2024-02-09,17712,11308.0,257.0,19452.0,6174.0,100.0
2024-02-10,4320,8460.0,389.0,8832.0,6207.0,22.0
2024-02-11,2819,4822.0,389.0,6914.0,6207.0,13.0
2024-02-12,17903,10604.0,389.0,19884.0,6207.0,89.0
2024-02-13,18918,11369.0,370.0,21562.0,6431.0,96.0
2024-02-14,19121,11890.0,418.0,22017.0,6312.0,134.0
2024-02-15,18944,11412.0,354.0,21118.0,6354.0,103.0
2024-02-16,17945,12473.0,262.0,20870.0,5612.0,108.0
2024-02-17,5362,10710.0,432.0,11523.0,5993.0,26.0
2024-02-18,3263,6234.0,432.0,8031.0,5993.0,19.0
2024-02-19,18342,11333.0,432.0,20730.0,5993.0,73.0
2024-02-20,19124,12459.0,391.0,22628.0,5916.0,110.0
2024-02-21,19158,11821.0,419.0,22058.0,6120.0,67.0
2024-02-22,18749,12163.0,385.0,21933.0,5793.0,94.0
2024-02-23,17296,11619.0,307.0,20097.0,5490.0,100.0
2024-02-24,4765,8846.0,408.0,9909.0,5812.0,14.0
2024-02-25,2958,5864.0,408.0,7136.0,5812.0,9.0
2024-02-26,18130,11446.0,408.0,20579.0,5812.0,68.0
2024-02-27,19318,12323.0,377.0,22592.0,6007.0,126.0
2024-02-28,19621,12291.0,432.0,22583.0,6050.0,90.0
2024-02-29,19155,12292.0,353.0,22322.0,5779.0,108.0
2024-03-01,18752,11660.0,309.0,21585.0,5476.0,99.0
2024-03-02,4603,7170.0,393.0,10062.0,5932.0,15.0
2024-03-03,2954,5261.0,393.0,7208.0,5932.0,23.0
2024-03-04,18405,11455.0,393.0,20885.0,5932.0,88.0
2024-03-05,17619,12503.0,403.0,22310.0,2266.0,90.0
2024-03-06,19295,12777.0,414.0,22585.0,6145.0,103.0
2024-03-07,19316,12226.0,351.0,22311.0,5990.0,110.0
2024-03-08,17752,11944.0,318.0,21830.0,5580.0,92.0
2024-03-09,4486,6634.0,398.0,9896.0,6038.0,21.0
2024-03-10,3088,5647.0,398.0,7775.0,6038.0,18.0
2024-03-11,1836,4736.0,398.0,5122.0,6038.0,11.0
2024-03-12,19088,12106.0,398.0,22339.0,6038.0,101.0
2024-03-13,19027,12400.0,389.0,22245.0,6246.0,86.0
2024-03-14,19016,12133.0,373.0,22077.0,6188.0,122.0
2024-03-15,18107,12032.0,298.0,20985.0,5945.0,124.0
2024-03-16,4702,7521.0,392.0,10690.0,1.0,21.0
2024-03-17,2856,4739.0,392.0,6702.0,5971.0,17.0
2024-03-18,18155,11450.0,392.0,20665.0,5971.0,123.0
2024-03-19,19306,12747.0,423.0,22837.0,6025.0,82.0
2024-03-20,18958,12303.0,411.0,21981.0,5823.0,88.0
2024-03-21,18838,12491.0,334.0,21939.0,5524.0,111.0
2024-03-22,17757,12168.0,258.0,20614.0,5237.0,65.0
2024-03-23,4405,6986.0,364.0,9018.0,5814.0,29.0
2024-03-24,2919,4989.0,364.0,7052.0,5814.0,20.0
2024-03-25,17817,11318.0,364.0,20230.0,5814.0,86.0
2024-03-26,18587,12238.0,426.0,21575.0,5442.0,96.0
2024-03-27,18173,12156.0,393.0,20914.0,5656.0,80.0
2024-03-28,17732,12303.0,285.0,19920.0,5404.0,68.0
2024-03-29,1682,4101.0,410.0,4065.0,5478.0,10.0
2024-03-30,3889,6348.0,410.0,8231.0,5478.0,20.0
2024-03-31,2282,4375.0,410.0,5925.0,5478.0,6.0
2024-04-01,2631,4139.0,410.0,6241.0,5478.0,23.0
2024-04-02,16801,10330.0,410.0,19969.0,5478.0,142.0
2024-04-03,17476,11100.0,396.0,20651.0,5604.0,89.0
2024-04-04,17209,10776.0,347.0,20138.0,5537.0,78.0
2024-04-05,15674,9502.0,289.0,17610.0,5192.0,95.0
2024-04-06,3894,5093.0,382.0,6917.0,5555.0,18.0
2024-04-07,2814,5058.0,382.0,6904.0,5555.0,26.0
2024-04-08,17352,10585.0,382.0,19422.0,5555.0,90.0
2024-04-09,16863,10584.0,423.0,19544.0,5557.0,85.0
2024-04-10,17754,11095.0,413.0,19694.0,5391.0,88.0
2024-04-11,17427,10766.0,339.0,20120.0,5269.0,81.0
2024-04-12,16685,10875.0,266.0,19046.0,4712.0,84.0
2024-04-13,4855,6268.0,366.0,8404.0,1112.0,22.0
2024-04-14,2704,4861.0,366.0,6791.0,1112.0,19.0
2024-04-15,12891,10139.0,366.0,17634.0,1112.0,65.0
2024-04-16,13976,11549.0,391.0,19837.0,1112.0,82.0
2024-04-17,13922,11068.0,406.0,19070.0,1112.0,80.0
2024-04-18,13905,10973.0,361.0,19198.0,1112.0,77.0
2024-04-19,12975,10718.0,298.0,17709.0,1112.0,83.0
2024-04-20,5039,6200.0,389.0,8743.0,1112.0,26.0
2024-04-21,2710,4752.0,389.0,6433.0,1112.0,22.0
2024-04-22,12918,10197.0,389.0,17538.0,1112.0,63.0
2024-04-23,13638,10823.0,362.0,19086.0,1112.0,80.0
2024-04-24,13733,10679.0,359.0,18766.0,1112.0,73.0
2024-04-25,2425,4726.0,193.0,6122.0,1112.0,19.0
2024-04-26,11988,9336.0,193.0,15869.0,1112.0,78.0
2024-04-27,4922,6073.0,371.0,8213.0,1112.0,24.0
2024-04-28,2772,4672.0,371.0,7003.0,1112.0,28.0
2024-04-29,13634,10232.0,371.0,18038.0,1112.0,52.0
2024-04-30,18231,11851.0,383.0,21160.0,5821.0,94.0
2024-05-01,18637,12002.0,411.0,21233.0,5781.0,123.0
2024-05-02,18416,11639.0,347.0,21093.0,5737.0,71.0
2024-05-03,17605,11511.0,271.0,19880.0,5560.0,61.0
2024-05-04,4856,6139.0,357.0,8444.0,5710.0,22.0
2024-05-05,2565,4262.0,357.0,6097.0,5710.0,17.0
2024-05-06,17101,10793.0,357.0,19639.0,5710.0,68.0
2024-05-07,18103,11758.0,382.0,20829.0,5540.0,85.0
2024-05-08,18132,11744.0,369.0,20586.0,5456.0,101.0
2024-05-09,18054,11401.0,358.0,20069.0,5530.0,108.0
2024-05-10,17339,10895.0,281.0,19114.0,5080.0,75.0
2024-05-11,4207,5358.0,349.0,7194.0,5442.0,16.0
2024-05-12,2494,4437.0,349.0,6251.0,5442.0,14.0
2024-05-13,17108,11047.0,349.0,19420.0,5442.0,61.0
2024-05-14,18033,11508.0,363.0,20873.0,5229.0,72.0
2024-05-15,17920,11871.0,388.0,20313.0,5164.0,62.0
2024-05-16,17970,11262.0,312.0,20001.0,5113.0,92.0
2024-05-17,17286,11158.0,271.0,19497.0,4885.0,65.0
2024-05-18,4792,6039.0,350.0,8107.0,5162.0,15.0
2024-05-19,2739,4731.0,350.0,6496.0,5162.0,23.0
2024-05-20,17048,10892.0,350.0,18756.0,5162.0,66.0
2024-05-21,17404,11659.0,397.0,19945.0,5219.0,99.0
2024-05-22,17471,11645.0,373.0,19880.0,4901.0,96.0
2024-05-23,17414,11086.0,318.0,19881.0,4917.0,71.0
2024-05-24,16631,10638.0,252.0,18396.0,4345.0,63.0
2024-05-25,4666,6110.0,405.0,8155.0,5180.0,17.0
2024-05-26,2791,4820.0,405.0,6383.0,5180.0,23.0
2024-05-27,2790,4347.0,405.0,6192.0,5180.0,13.0
2024-05-28,17388,10862.0,405.0,19336.0,5180.0,76.0
2024-05-29,17508,10878.0,389.0,19124.0,5264.0,66.0
2024-05-30,17375,10726.0,337.0,19327.0,5100.0,75.0
2024-05-31,14447,9308.0,232.0,16335.0,4022.0,63.0
2024-06-01,4766,5885.0,335.0,7828.0,5093.0,23.0
2024-06-02,2748,4495.0,335.0,6210.0,5093.0,31.0
2024-06-03,15979,9854.0,335.0,17356.0,5093.0,67.0
2024-06-04,17080,10948.0,342.0,19202.0,5177.0,70.0
2024-06-05,16822,10454.0,367.0,18771.0,5006.0,75.0
2024-06-06,16242,9950.0,305.0,18375.0,4846.0,83.0
2024-06-07,15710,9714.0,230.0,17105.0,4727.0,69.0
2024-06-08,4825,6848.0,340.0,8536.0,5118.0,19.0
2024-06-09,2785,4826.0,340.0,6671.0,5118.0,18.0
2024-06-10,2506,4139.0,340.0,6115.0,5118.0,15.0
2024-06-11,16261,10347.0,340.0,18625.0,5118.0,91.0
2024-06-12,17166,10623.0,364.0,19041.0,5116.0,70.0
2024-06-13,16966,10391.0,343.0,18676.0,4888.0,94.0
2024-06-14,16193,9984.0,237.0,17784.0,4826.0,57.0
2024-06-15,4493,5491.0,368.0,8024.0,4938.0,26.0
2024-06-16,2626,4124.0,368.0,6481.0,4938.0,21.0
2024-06-17,15884,9606.0,368.0,17510.0,4938.0,46.0
2024-06-18,16395,10312.0,346.0,18537.0,4893.0,71.0
2024-06-19,15962,10081.0,361.0,18459.0,4710.0,74.0
2024-06-20,15700,9888.0,304.0,17787.0,4481.0,59.0
2024-06-21,14986,9623.0,263.0,17075.0,4501.0,77.0
2024-06-22,4768,5618.0,322.0,8056.0,1.0,24.0
2024-06-23,2736,4271.0,322.0,6258.0,4438.0,29.0
2024-06-24,14879,9397.0,322.0,17133.0,4438.0,95.0
2024-06-25,15358,10217.0,325.0,18228.0,4487.0,54.0
2024-06-26,15703,10374.0,319.0,18275.0,4166.0,82.0
2024-06-27,15434,9897.0,315.0,18010.0,4044.0,74.0
2024-06-28,14974,9894.0,232.0,17648.0,3816.0,65.0
2024-06-29,4592,5955.0,319.0,8447.0,3016.0,16.0
2024-06-30,2479,3985.0,319.0,6334.0,3016.0,15.0
2024-07-01,14040,9241.0,319.0,16658.0,3016.0,56.0
2024-07-02,14670,9940.0,341.0,17921.0,2970.0,50.0
2024-07-03,14579,10075.0,341.0,17638.0,2831.0,72.0
2024-07-04,14158,9736.0,322.0,17267.0,2795.0,67.0
2024-07-05,13529,9363.0,247.0,16422.0,2344.0,81.0
2024-07-06,4594,5572.0,282.0,7574.0,368.0,16.0
2024-07-07,2465,4161.0,282.0,5987.0,368.0,27.0
2024-07-08,11237,8654.0,282.0,15559.0,368.0,52.0
2024-07-09,12138,9564.0,308.0,16424.0,368.0,58.0
2024-07-10,12394,9952.0,308.0,16751.0,368.0,76.0
2024-07-11,12010,9618.0,325.0,16433.0,368.0,79.0
2024-07-12,11361,9231.0,220.0,15268.0,368.0,63.0
2024-07-13,4527,5881.0,275.0,7983.0,368.0,19.0
2024-07-14,2510,4364.0,275.0,6116.0,368.0,34.0
2024-07-15,11369,8161.0,275.0,15282.0,368.0,74.0
2024-07-16,11828,9388.0,299.0,16126.0,368.0,60.0
2024-07-17,12194,9821.0,365.0,16383.0,368.0,73.0
2024-07-18,12322,9647.0,291.0,16458.0,368.0,72.0
2024-07-19,11573,9340.0,254.0,15526.0,368.0,70.0
2024-07-20,3685,4670.0,322.0,6703.0,368.0,14.0
2024-07-21,2811,4740.0,322.0,7136.0,368.0,19.0
2024-07-22,12878,10073.0,322.0,17691.0,368.0,77.0
2024-07-23,17269,11314.0,367.0,20063.0,4988.0,80.0
2024-07-24,17528,11488.0,385.0,20156.0,5190.0,79.0
2024-07-25,17242,10997.0,312.0,19596.0,5499.0,85.0
2024-07-26,16541,10792.0,282.0,19038.0,5135.0,76.0
2024-07-27,4878,6506.0,313.0,8932.0,5099.0,21.0
2024-07-28,2657,4446.0,313.0,6798.0,5099.0,20.0
2024-07-29,16772,10399.0,313.0,19741.0,5099.0,78.0
2024-07-30,17479,11537.0,368.0,21068.0,5059.0,77.0
2024-07-31,17434,11498.0,342.0,20937.0,4846.0,77.0
2024-08-01,17225,11114.0,333.0,20758.0,5031.0,79.0
2024-08-02,16929,10875.0,256.0,19123.0,4654.0,64.0
2024-08-03,4804,6173.0,357.0,8623.0,2.0,26.0
2024-08-04,2670,4615.0,357.0,6727.0,4791.0,13.0
2024-08-05,16357,10340.0,357.0,18935.0,4791.0,64.0
2024-08-06,17690,11279.0,375.0,21424.0,5094.0,85.0
2024-08-07,17505,11695.0,349.0,21288.0,4961.0,76.0
2024-08-08,16928,11291.0,304.0,20763.0,5036.0,101.0
2024-08-09,16200,10787.0,244.0,18997.0,4777.0,62.0
2024-08-10,4835,6329.0,342.0,8639.0,5096.0,17.0
2024-08-11,2744,4452.0,342.0,6776.0,5096.0,14.0
2024-08-12,16707,10417.0,342.0,19550.0,5096.0,68.0
2024-08-13,17482,11274.0,369.0,21350.0,4838.0,75.0
2024-08-14,17174,11025.0,351.0,20487.0,4889.0,51.0
2024-08-15,17446,11231.0,321.0,20844.0,4524.0,91.0
2024-08-16,16467,10797.0,256.0,19135.0,4678.0,95.0
2024-08-17,4891,5814.0,312.0,8241.0,4748.0,22.0
2024-08-18,2719,4481.0,312.0,6552.0,4748.0,13.0
2024-08-19,16804,10456.0,312.0,19296.0,4748.0,89.0
2024-08-20,17315,11245.0,356.0,20639.0,4842.0,73.0
2024-08-21,17117,11370.0,351.0,21000.0,4757.0,102.0
2024-08-22,15692,11103.0,315.0,20190.0,1804.0,92.0
2024-08-23,16418,10875.0,266.0,19091.0,4616.0,66.0
2024-08-24,4728,6362.0,323.0,8397.0,4935.0,21.0
2024-08-25,2387,4467.0,323.0,6187.0,4935.0,23.0
2024-08-26,16344,10408.0,323.0,19329.0,4935.0,65.0
2024-08-27,17301,11173.0,351.0,20921.0,5004.0,65.0
2024-08-28,16867,11452.0,333.0,21017.0,4644.0,106.0
2024-08-29,17267,11047.0,306.0,20871.0,4774.0,108.0
2024-08-30,16436,10705.0,225.0,19026.0,3925.0,59.0
2024-08-31,4742,5775.0,337.0,8586.0,4967.0,20.0
2024-09-01,2448,4364.0,337.0,6487.0,4967.0,29.0
2024-09-02,15543,9467.0,337.0,17910.0,4967.0,78.0
2024-09-03,16725,10456.0,351.0,19473.0,4826.0,92.0
2024-09-04,16479,10552.0,371.0,19335.0,4528.0,74.0
2024-09-05,16619,10246.0,267.0,19130.0,4713.0,91.0
2024-09-06,15948,10009.0,258.0,18097.0,4621.0,71.0
2024-09-07,4607,6317.0,344.0,8659.0,4797.0,21.0
2024-09-08,2702,4369.0,344.0,6920.0,4797.0,33.0
2024-09-09,16056,9812.0,344.0,17921.0,4797.0,84.0
2024-09-10,16727,10665.0,366.0,19896.0,4629.0,73.0
2024-09-11,16701,10626.0,342.0,19293.0,4750.0,131.0
2024-09-12,16107,10283.0,365.0,18880.0,4627.0,78.0
2024-09-13,15789,10273.0,280.0,18080.0,4378.0,85.0
2024-09-14,4892,6279.0,317.0,9158.0,4726.0,24.0
2024-09-15,2612,4609.0,317.0,7040.0,4726.0,25.0
2024-09-16,15520,10326.0,317.0,18804.0,4726.0,66.0
2024-09-17,17080,11374.0,349.0,20551.0,4878.0,80.0
2024-09-18,16776,11300.0,383.0,20242.0,4401.0,72.0
2024-09-19,16129,10469.0,288.0,19650.0,4557.0,93.0
2024-09-20,485,2537.0,1.0,440.0,37.0,93.0
2024-09-21,28,832.0,1.0,64.0,10.0,93.0
2024-09-22,21,577.0,1.0,49.0,10.0,93.0
2024-09-23,56,1938.0,1.0,67.0,10.0,93.0
2024-09-24,36,78.0,1.0,21.0,3.0,93.0
2024-09-25,21,78.0,1.0,10.0,8.0,93.0
2024-09-26,9,78.0,1.0,13.0,2.0,93.0
2024-09-27,6,78.0,1.0,13.0,2.0,93.0
2024-09-28,1,78.0,1.0,4.0,2.0,93.0
2024-09-29,1,78.0,1.0,3.0,2.0,93.0
